from,to,val
davorg,merlyn,1
davorg,gnat,1
davorg,AndyArmstrong,1
davorg,schwern,1
davorg,pjf,1
davorg,pdcawley,1
davorg,aaroncrane,1
davorg,perlbuzz,1
davorg,keiosu,1
davorg,OvidPerl,1
davorg,timbunce,1
davorg,allisonrandal,1
davorg,missbarbell,1
davorg,chromatic_x,1
davorg,szabgab,1
davorg,shadowcat_mdk,1
davorg,perlfoundation,1
davorg,briandfoy_perl,1
davorg,shadowcat_mst,1
davorg,mjdominus,1
davorg,neilbowers,1
davorg,culturedperl,1
davorg,PerlWeekly,1
davorg,yapceu,1
davorg,stevanlittle,1
davorg,PerlRick,1
davorg,PerlSawyer,1
davorg,BuiltinPerl,1
petdance,perigrin,1
petdance,gnat,1
petdance,AndyArmstrong,1
petdance,pkrumins,1
petdance,schwern,1
petdance,pjf,1
petdance,brianwisti,1
petdance,perlbuzz,1
petdance,thaljef,1
petdance,keiosu,1
petdance,timbunce,1
petdance,allisonrandal,1
petdance,kraih,1
petdance,chromatic_x,1
petdance,sinan_unur,1
petdance,perlbpbook,1
petdance,perlcritic,1
petdance,szabgab,1
petdance,preaction,1
petdance,CSJewellPerl,1
petdance,olafalders,1
petdance,jbones3000,1
petdance,gizmomathboy,1
petdance,perlfoundation,1
petdance,vmbrasseur,1
petdance,TimToady,1
petdance,BostonPM,1
petdance,PlanetPerl,1
petdance,carpecrustum,1
petdance,sfperlmongers,1
petdance,PurduePM,1
petdance,SVPerl,1
petdance,mjdominus,1
petdance,rescuedbycode,1
petdance,metacpan,1
petdance,oss_pl,1
petdance,Ptolemarch,1
petdance,YAPCNA,1
petdance,PerlWeekly,1
petdance,joelaberger,1
petdance,PerlSawyer,1
petdance,PerlTricks,1
petdance,ThePerlShop,1
petdance,PerlDaily,1
petdance,BuiltinPerl,1
petdance,cpantesters,1
merlyn,davorg,1
merlyn,petdance,1
merlyn,theory,1
merlyn,miyagawa,1
merlyn,ingydotnet,1
merlyn,perigrin,1
merlyn,gnat,1
merlyn,AndyArmstrong,1
merlyn,john_bokma,1
merlyn,perl_api,1
merlyn,spazm,1
merlyn,sartak,1
merlyn,schwern,1
merlyn,pjf,1
merlyn,pdcawley,1
merlyn,brianwisti,1
merlyn,perlbuzz,1
merlyn,keiosu,1
merlyn,OvidPerl,1
merlyn,timbunce,1
merlyn,allisonrandal,1
merlyn,rsrchboy,1
merlyn,kraih,1
merlyn,chromatic_x,1
merlyn,PerlStalker,1
merlyn,xdg,1
merlyn,szabgab,1
merlyn,CSJewellPerl,1
merlyn,gizmomathboy,1
merlyn,shadowcat_mdk,1
merlyn,perlfoundation,1
merlyn,TimToady,1
merlyn,brian_d_foy,1
merlyn,briandfoy_perl,1
merlyn,shadowcat_mst,1
merlyn,houseabsolute,1
merlyn,metacpan,1
merlyn,Ptolemarch,1
merlyn,YAPCNA,1
merlyn,PerlWeekly,1
merlyn,markjgardner,1
merlyn,PerlSawyer,1
merlyn,PerlTricks,1
friedo,petdance,1
friedo,miyagawa,1
friedo,genehack,1
friedo,ingydotnet,1
friedo,perigrin,1
friedo,gnat,1
friedo,john_bokma,1
friedo,schwern,1
friedo,twiki,1
friedo,sungo,1
friedo,perlbuzz,1
friedo,thaljef,1
friedo,keiosu,1
friedo,OvidPerl,1
friedo,timbunce,1
friedo,allisonrandal,1
friedo,missbarbell,1
friedo,kraih,1
friedo,frioux,1
friedo,chromatic_x,1
friedo,leon_timmermans,1
friedo,xdg,1
friedo,szabgab,1
friedo,CSJewellPerl,1
friedo,Yakpi,1
friedo,rabcyr,1
friedo,olafalders,1
friedo,gizmomathboy,1
friedo,shadowcat_mdk,1
friedo,perlfoundation,1
friedo,vmbrasseur,1
friedo,TimToady,1
friedo,brian_d_foy,1
friedo,briandfoy_perl,1
friedo,novapatch,1
friedo,pghpw,1
friedo,dotandimet,1
friedo,houseabsolute,1
friedo,sfperlmongers,1
friedo,SVPerl,1
friedo,mjdominus,1
friedo,tommystanton,1
friedo,metacpan,1
friedo,perlironman,1
friedo,Ptolemarch,1
friedo,YAPCNA,1
friedo,yapceu,1
friedo,joelaberger,1
friedo,stevanlittle,1
friedo,PerlSawyer,1
friedo,iinteractive,1
friedo,PerlTricks,1
friedo,ThePerlShop,1
friedo,PerlDaily,1
friedo,BuiltinPerl,1
friedo,PerlRegex,1
friedo,rperlcompiler,1
theory,davorg,1
theory,petdance,1
theory,miyagawa,1
theory,genehack,1
theory,ingydotnet,1
theory,perigrin,1
theory,gnat,1
theory,AndyArmstrong,1
theory,sartak,1
theory,schwern,1
theory,pjf,1
theory,pdcawley,1
theory,perlbuzz,1
theory,thaljef,1
theory,keiosu,1
theory,OvidPerl,1
theory,timbunce,1
theory,allisonrandal,1
theory,missbarbell,1
theory,sheeshee,1
theory,kraih,1
theory,frioux,1
theory,chromatic_x,1
theory,xdg,1
theory,szabgab,1
theory,olafalders,1
theory,shadowcat_mdk,1
theory,perlfoundation,1
theory,vmbrasseur,1
theory,TimToady,1
theory,briandfoy_perl,1
theory,shadowcat_mst,1
theory,houseabsolute,1
theory,ribasushi,1
theory,mjdominus,1
theory,metacpan,1
theory,stevanlittle,1
theory,PerlSawyer,1
theory,SlackHQ,1
theory,PerlDaily,1
miyagawa,davorg,1
miyagawa,petdance,1
miyagawa,merlyn,1
miyagawa,theory,1
miyagawa,genehack,1
miyagawa,ingydotnet,1
miyagawa,perigrin,1
miyagawa,trg404,1
miyagawa,gnat,1
miyagawa,AndyArmstrong,1
miyagawa,perl_api,1
miyagawa,scrottie,1
miyagawa,sartak,1
miyagawa,schwern,1
miyagawa,pjf,1
miyagawa,sungo,1
miyagawa,pdcawley,1
miyagawa,aaroncrane,1
miyagawa,perlbuzz,1
miyagawa,thaljef,1
miyagawa,keiosu,1
miyagawa,OvidPerl,1
miyagawa,timbunce,1
miyagawa,allisonrandal,1
miyagawa,missbarbell,1
miyagawa,kraih,1
miyagawa,leon_timmermans,1
miyagawa,xdg,1
miyagawa,szabgab,1
miyagawa,olafalders,1
miyagawa,shadowcat_mdk,1
miyagawa,perlfoundation,1
miyagawa,vmbrasseur,1
miyagawa,TimToady,1
miyagawa,briandfoy_perl,1
miyagawa,pghpw,1
miyagawa,shadowcat_mst,1
miyagawa,houseabsolute,1
miyagawa,sfperlmongers,1
miyagawa,mjdominus,1
miyagawa,neilbowers,1
miyagawa,metacpan,1
miyagawa,YAPCNA,1
miyagawa,PerlWeekly,1
miyagawa,yapceu,1
miyagawa,stevanlittle,1
miyagawa,PerlSawyer,1
miyagawa,SlackHQ,1
genehack,theory,1
genehack,miyagawa,1
genehack,ingydotnet,1
genehack,perigrin,1
genehack,trg404,1
genehack,gnat,1
genehack,AndyArmstrong,1
genehack,perl_api,1
genehack,scrottie,1
genehack,danlyke,1
genehack,sartak,1
genehack,pjf,1
genehack,sungo,1
genehack,brianwisti,1
genehack,fedward,1
genehack,aaroncrane,1
genehack,perlbuzz,1
genehack,thaljef,1
genehack,sweth,1
genehack,keiosu,1
genehack,OvidPerl,1
genehack,timbunce,1
genehack,missbarbell,1
genehack,sheeshee,1
genehack,rsrchboy,1
genehack,kraih,1
genehack,chromatic_x,1
genehack,leon_timmermans,1
genehack,xdg,1
genehack,szabgab,1
genehack,kiphampton,1
genehack,preaction,1
genehack,perljobs,1
genehack,rabcyr,1
genehack,olafalders,1
genehack,gizmomathboy,1
genehack,shadowcat_mdk,1
genehack,perlfoundation,1
genehack,vmbrasseur,1
genehack,TimToady,1
genehack,EccentricFlower,1
genehack,novapatch,1
genehack,pghpw,1
genehack,houseabsolute,1
genehack,sfperlmongers,1
genehack,ribasushi,1
genehack,mjdominus,1
genehack,neilbowers,1
genehack,metacpan,1
genehack,culturedperl,1
genehack,Ptolemarch,1
genehack,YAPCNA,1
genehack,yapceu,1
genehack,stevanlittle,1
genehack,shadow_dot_cat,1
genehack,PerlSawyer,1
genehack,iinteractive,1
genehack,SlackHQ,1
genehack,BuiltinPerl,1
genehack,pdxperlmongers,1
genehack,cpantesters,1
genehack,perl_mongers,1
ingydotnet,miyagawa,1
ingydotnet,perigrin,1
ingydotnet,AndyArmstrong,1
ingydotnet,schwern,1
ingydotnet,pjf,1
ingydotnet,pdcawley,1
ingydotnet,OvidPerl,1
ingydotnet,allisonrandal,1
ingydotnet,xdg,1
ingydotnet,szabgab,1
ingydotnet,TimToady,1
ingydotnet,shadowcat_mst,1
ingydotnet,metacpan,1
ingydotnet,stevanlittle,1
ingydotnet,PerlSawyer,1
perigrin,davorg,1
perigrin,petdance,1
perigrin,friedo,1
perigrin,theory,1
perigrin,miyagawa,1
perigrin,genehack,1
perigrin,ingydotnet,1
perigrin,trg404,1
perigrin,gnat,1
perigrin,AndyArmstrong,1
perigrin,perl_api,1
perigrin,scrottie,1
perigrin,spazm,1
perigrin,sartak,1
perigrin,schwern,1
perigrin,pjf,1
perigrin,sungo,1
perigrin,pdcawley,1
perigrin,brianwisti,1
perigrin,aaroncrane,1
perigrin,perlbuzz,1
perigrin,thaljef,1
perigrin,keiosu,1
perigrin,OvidPerl,1
perigrin,timbunce,1
perigrin,allisonrandal,1
perigrin,missbarbell,1
perigrin,sheeshee,1
perigrin,rsrchboy,1
perigrin,frioux,1
perigrin,chromatic_x,1
perigrin,Reini_Urban,1
perigrin,perlcritic,1
perigrin,leon_timmermans,1
perigrin,xdg,1
perigrin,kiphampton,1
perigrin,preaction,1
perigrin,CSJewellPerl,1
perigrin,rabcyr,1
perigrin,olafalders,1
perigrin,dbix_class,1
perigrin,gizmomathboy,1
perigrin,shadowcat_mdk,1
perigrin,perlfoundation,1
perigrin,vmbrasseur,1
perigrin,TimToady,1
perigrin,brian_d_foy,1
perigrin,briandfoy_perl,1
perigrin,EccentricFlower,1
perigrin,novapatch,1
perigrin,pghpw,1
perigrin,shadowcat_mst,1
perigrin,dotandimet,1
perigrin,houseabsolute,1
perigrin,sfperlmongers,1
perigrin,ribasushi,1
perigrin,SVPerl,1
perigrin,mjdominus,1
perigrin,neilbowers,1
perigrin,tommystanton,1
perigrin,metacpan,1
perigrin,perlironman,1
perigrin,culturedperl,1
perigrin,Ptolemarch,1
perigrin,YAPCNA,1
perigrin,PerlWeekly,1
perigrin,yapceu,1
perigrin,joelaberger,1
perigrin,stevanlittle,1
perigrin,markjgardner,1
perigrin,PerlSawyer,1
perigrin,iinteractive,1
perigrin,SlackHQ,1
perigrin,pwb712,1
perigrin,ThePerlShop,1
perigrin,BuiltinPerl,1
perigrin,cpantesters,1
perigrin,Perligata,1
trg404,theory,1
trg404,miyagawa,1
trg404,genehack,1
trg404,perigrin,1
trg404,sartak,1
trg404,pjf,1
trg404,sungo,1
trg404,pdcawley,1
trg404,brianwisti,1
trg404,OvidPerl,1
trg404,chromatic_x,1
trg404,Reini_Urban,1
trg404,xdg,1
trg404,kiphampton,1
trg404,rabcyr,1
trg404,gizmomathboy,1
trg404,shadowcat_mdk,1
trg404,perlfoundation,1
trg404,vmbrasseur,1
trg404,briandfoy_perl,1
trg404,pghpw,1
trg404,shadowcat_mst,1
trg404,mjdominus,1
trg404,Ptolemarch,1
trg404,YAPCNA,1
trg404,stevanlittle,1
trg404,PerlSawyer,1
trg404,perl_mongers,1
gnat,davorg,1
gnat,petdance,1
gnat,theory,1
gnat,miyagawa,1
gnat,schwern,1
gnat,pjf,1
gnat,OvidPerl,1
gnat,timbunce,1
gnat,allisonrandal,1
gnat,chromatic_x,1
gnat,pudgenet,1
gnat,vmbrasseur,1
gnat,TimToady,1
gnat,mjdominus,1
gnat,tommystanton,1
AndyArmstrong,davorg,1
AndyArmstrong,petdance,1
AndyArmstrong,theory,1
AndyArmstrong,miyagawa,1
AndyArmstrong,ingydotnet,1
AndyArmstrong,perigrin,1
AndyArmstrong,scrottie,1
AndyArmstrong,schwern,1
AndyArmstrong,pjf,1
AndyArmstrong,pdcawley,1
AndyArmstrong,aaroncrane,1
AndyArmstrong,keiosu,1
AndyArmstrong,OvidPerl,1
AndyArmstrong,missbarbell,1
AndyArmstrong,Reini_Urban,1
AndyArmstrong,leon_timmermans,1
AndyArmstrong,xdg,1
AndyArmstrong,shadowcat_mdk,1
AndyArmstrong,shadowcat_mst,1
AndyArmstrong,mjdominus,1
AndyArmstrong,tommystanton,1
AndyArmstrong,metacpan,1
AndyArmstrong,shadow_dot_cat,1
AndyArmstrong,markjgardner,1
john_bokma,davorg,1
john_bokma,petdance,1
john_bokma,friedo,1
john_bokma,theory,1
john_bokma,miyagawa,1
john_bokma,genehack,1
john_bokma,ingydotnet,1
john_bokma,perigrin,1
john_bokma,trg404,1
john_bokma,gnat,1
john_bokma,AndyArmstrong,1
john_bokma,perl_api,1
john_bokma,scrottie,1
john_bokma,spazm,1
john_bokma,sartak,1
john_bokma,pjf,1
john_bokma,sungo,1
john_bokma,pdcawley,1
john_bokma,brianwisti,1
john_bokma,aaroncrane,1
john_bokma,perlbuzz,1
john_bokma,thaljef,1
john_bokma,keiosu,1
john_bokma,OvidPerl,1
john_bokma,timbunce,1
john_bokma,allisonrandal,1
john_bokma,missbarbell,1
john_bokma,sheeshee,1
john_bokma,rsrchboy,1
john_bokma,kraih,1
john_bokma,frioux,1
john_bokma,chromatic_x,1
john_bokma,sinan_unur,1
john_bokma,Reini_Urban,1
john_bokma,perlbpbook,1
john_bokma,perlcritic,1
john_bokma,leon_timmermans,1
john_bokma,xdg,1
john_bokma,szabgab,1
john_bokma,kiphampton,1
john_bokma,pudgenet,1
john_bokma,preaction,1
john_bokma,CSJewellPerl,1
john_bokma,Yakpi,1
john_bokma,rabcyr,1
john_bokma,olafalders,1
john_bokma,dbix_class,1
john_bokma,gizmomathboy,1
john_bokma,shadowcat_mdk,1
john_bokma,perlfoundation,1
john_bokma,vmbrasseur,1
john_bokma,TimToady,1
john_bokma,BostonPM,1
john_bokma,brian_d_foy,1
john_bokma,briandfoy_perl,1
john_bokma,RegexTip,1
john_bokma,novapatch,1
john_bokma,PlanetPerl,1
john_bokma,shadowcat_mst,1
john_bokma,dotandimet,1
john_bokma,houseabsolute,1
john_bokma,sfperlmongers,1
john_bokma,PurduePM,1
john_bokma,ribasushi,1
john_bokma,SVPerl,1
john_bokma,PerlDancer,1
john_bokma,mjdominus,1
john_bokma,neilbowers,1
john_bokma,tommystanton,1
john_bokma,metacpan,1
john_bokma,perlironman,1
john_bokma,culturedperl,1
john_bokma,Ptolemarch,1
john_bokma,PerlWeekly,1
john_bokma,yapceu,1
john_bokma,joelaberger,1
john_bokma,stevanlittle,1
john_bokma,shadow_dot_cat,1
john_bokma,markjgardner,1
john_bokma,PerlRick,1
john_bokma,PerlSawyer,1
john_bokma,vikin91,1
john_bokma,iinteractive,1
john_bokma,PerlTricks,1
john_bokma,pwb712,1
john_bokma,ThePerlShop,1
john_bokma,BuiltinPerl,1
john_bokma,cpantesters,1
john_bokma,perl__dp,1
john_bokma,rperlcompiler,1
john_bokma,jonwarreninfo,1
john_bokma,RepOfCoders,1
perl_api,merlyn,1
perl_api,miyagawa,1
perl_api,perigrin,1
perl_api,olafalders,1
perl_api,brian_d_foy,1
perl_api,YAPCNA,1
pkrumins,petdance,1
pkrumins,timbunce,1
pkrumins,TimToady,1
pkrumins,briandfoy_perl,1
pkrumins,shadowcat_mst,1
pkrumins,mjdominus,1
pkrumins,PerlTricks,1
scrottie,ingydotnet,1
scrottie,schwern,1
scrottie,perlbuzz,1
scrottie,chromatic_x,1
scrottie,Reini_Urban,1
scrottie,leon_timmermans,1
scrottie,briandfoy_perl,1
scrottie,pghpw,1
scrottie,shadowcat_mst,1
scrottie,houseabsolute,1
scrottie,ribasushi,1
scrottie,SVPerl,1
scrottie,mjdominus,1
scrottie,YAPCNA,1
scrottie,PerlWeekly,1
scrottie,stevanlittle,1
scrottie,PerlSawyer,1
scrottie,PerlRapidApp,1
spazm,petdance,1
spazm,merlyn,1
spazm,genehack,1
spazm,ingydotnet,1
spazm,perigrin,1
spazm,perlbuzz,1
spazm,OvidPerl,1
spazm,kraih,1
spazm,frioux,1
spazm,chromatic_x,1
spazm,perlcritic,1
spazm,xdg,1
spazm,vmbrasseur,1
spazm,TimToady,1
spazm,briandfoy_perl,1
spazm,shadowcat_mst,1
spazm,ribasushi,1
spazm,mjdominus,1
spazm,tommystanton,1
spazm,perlironman,1
spazm,YAPCNA,1
spazm,PerlWeekly,1
spazm,PerlSawyer,1
spazm,BuiltinPerl,1
danlyke,genehack,1
danlyke,pjf,1
danlyke,sungo,1
danlyke,EccentricFlower,1
danlyke,pwb712,1
sartak,miyagawa,1
sartak,genehack,1
sartak,perigrin,1
sartak,keiosu,1
sartak,gizmomathboy,1
sartak,novapatch,1
sartak,mjdominus,1
sartak,stevanlittle,1
sartak,PerlSawyer,1
schwern,davorg,1
schwern,petdance,1
schwern,theory,1
schwern,miyagawa,1
schwern,ingydotnet,1
schwern,gnat,1
schwern,AndyArmstrong,1
schwern,scrottie,1
schwern,pjf,1
schwern,pdcawley,1
schwern,perlbuzz,1
schwern,keiosu,1
schwern,OvidPerl,1
schwern,timbunce,1
schwern,allisonrandal,1
schwern,chromatic_x,1
schwern,xdg,1
schwern,szabgab,1
schwern,vmbrasseur,1
schwern,TimToady,1
schwern,mjdominus,1
schwern,YAPCNA,1
twiki,merlyn,1
twiki,friedo,1
twiki,brianwisti,1
twiki,perlbuzz,1
twiki,chromatic_x,1
twiki,szabgab,1
twiki,perlfoundation,1
twiki,sfperlmongers,1
twiki,SVPerl,1
twiki,PerlWeekly,1
twiki,stevanlittle,1
twiki,BuiltinPerl,1
pjf,davorg,1
pjf,petdance,1
pjf,merlyn,1
pjf,theory,1
pjf,miyagawa,1
pjf,genehack,1
pjf,ingydotnet,1
pjf,perigrin,1
pjf,trg404,1
pjf,gnat,1
pjf,AndyArmstrong,1
pjf,perl_api,1
pjf,scrottie,1
pjf,danlyke,1
pjf,sartak,1
pjf,schwern,1
pjf,sungo,1
pjf,pdcawley,1
pjf,brianwisti,1
pjf,aaroncrane,1
pjf,perlbuzz,1
pjf,keiosu,1
pjf,OvidPerl,1
pjf,timbunce,1
pjf,allisonrandal,1
pjf,missbarbell,1
pjf,kraih,1
pjf,chromatic_x,1
pjf,perlcritic,1
pjf,xdg,1
pjf,szabgab,1
pjf,CSJewellPerl,1
pjf,dbix_class,1
pjf,gizmomathboy,1
pjf,perlfoundation,1
pjf,vmbrasseur,1
pjf,TimToady,1
pjf,briandfoy_perl,1
pjf,novapatch,1
pjf,shadowcat_mst,1
pjf,houseabsolute,1
pjf,sfperlmongers,1
pjf,ribasushi,1
pjf,PerlDancer,1
pjf,mjdominus,1
pjf,neilbowers,1
pjf,metacpan,1
pjf,perlironman,1
pjf,culturedperl,1
pjf,YAPCNA,1
pjf,PerlWeekly,1
pjf,yapceu,1
pjf,joelaberger,1
pjf,stevanlittle,1
pjf,PerlSawyer,1
pjf,iinteractive,1
pjf,PerlDaily,1
pjf,BuiltinPerl,1
sungo,genehack,1
sungo,perigrin,1
sungo,trg404,1
sungo,brianwisti,1
sungo,keiosu,1
sungo,vmbrasseur,1
sungo,shadowcat_mst,1
sungo,stevanlittle,1
pdcawley,davorg,1
pdcawley,petdance,1
pdcawley,merlyn,1
pdcawley,theory,1
pdcawley,miyagawa,1
pdcawley,genehack,1
pdcawley,ingydotnet,1
pdcawley,perigrin,1
pdcawley,gnat,1
pdcawley,AndyArmstrong,1
pdcawley,sartak,1
pdcawley,schwern,1
pdcawley,pjf,1
pdcawley,sungo,1
pdcawley,brianwisti,1
pdcawley,aaroncrane,1
pdcawley,perlbuzz,1
pdcawley,keiosu,1
pdcawley,OvidPerl,1
pdcawley,timbunce,1
pdcawley,allisonrandal,1
pdcawley,missbarbell,1
pdcawley,chromatic_x,1
pdcawley,xdg,1
pdcawley,szabgab,1
pdcawley,shadowcat_mdk,1
pdcawley,vmbrasseur,1
pdcawley,TimToady,1
pdcawley,briandfoy_perl,1
pdcawley,novapatch,1
pdcawley,shadowcat_mst,1
pdcawley,houseabsolute,1
pdcawley,mjdominus,1
pdcawley,tommystanton,1
pdcawley,metacpan,1
pdcawley,stevanlittle,1
brianwisti,davorg,1
brianwisti,petdance,1
brianwisti,merlyn,1
brianwisti,friedo,1
brianwisti,theory,1
brianwisti,miyagawa,1
brianwisti,genehack,1
brianwisti,ingydotnet,1
brianwisti,perigrin,1
brianwisti,trg404,1
brianwisti,gnat,1
brianwisti,sartak,1
brianwisti,twiki,1
brianwisti,pjf,1
brianwisti,sungo,1
brianwisti,pdcawley,1
brianwisti,aaroncrane,1
brianwisti,perlbuzz,1
brianwisti,sweth,1
brianwisti,keiosu,1
brianwisti,OvidPerl,1
brianwisti,timbunce,1
brianwisti,allisonrandal,1
brianwisti,sheeshee,1
brianwisti,kraih,1
brianwisti,frioux,1
brianwisti,chromatic_x,1
brianwisti,perlhack,1
brianwisti,leon_timmermans,1
brianwisti,xdg,1
brianwisti,szabgab,1
brianwisti,kiphampton,1
brianwisti,rabcyr,1
brianwisti,gizmomathboy,1
brianwisti,shadowcat_mdk,1
brianwisti,perlfoundation,1
brianwisti,vmbrasseur,1
brianwisti,TimToady,1
brianwisti,EccentricFlower,1
brianwisti,novapatch,1
brianwisti,shadowcat_mst,1
brianwisti,dotandimet,1
brianwisti,houseabsolute,1
brianwisti,ribasushi,1
brianwisti,mjdominus,1
brianwisti,neilbowers,1
brianwisti,metacpan,1
brianwisti,culturedperl,1
brianwisti,Ptolemarch,1
brianwisti,PerlWeekly,1
brianwisti,yapceu,1
brianwisti,joelaberger,1
brianwisti,stevanlittle,1
brianwisti,markjgardner,1
brianwisti,loltimo,1
brianwisti,PerlSawyer,1
brianwisti,iinteractive,1
brianwisti,PerlTricks,1
brianwisti,SlackHQ,1
brianwisti,pwb712,1
brianwisti,BuiltinPerl,1
brianwisti,rperlcompiler,1
brianwisti,RepOfCoders,1
fedward,genehack,1
fedward,sungo,1
fedward,TimToady,1
fedward,mjdominus,1
aaroncrane,davorg,1
aaroncrane,petdance,1
aaroncrane,friedo,1
aaroncrane,theory,1
aaroncrane,miyagawa,1
aaroncrane,genehack,1
aaroncrane,ingydotnet,1
aaroncrane,perigrin,1
aaroncrane,trg404,1
aaroncrane,gnat,1
aaroncrane,AndyArmstrong,1
aaroncrane,john_bokma,1
aaroncrane,spazm,1
aaroncrane,sartak,1
aaroncrane,schwern,1
aaroncrane,pjf,1
aaroncrane,sungo,1
aaroncrane,pdcawley,1
aaroncrane,brianwisti,1
aaroncrane,perlbuzz,1
aaroncrane,thaljef,1
aaroncrane,sweth,1
aaroncrane,mnlagrasta,1
aaroncrane,keiosu,1
aaroncrane,OvidPerl,1
aaroncrane,timbunce,1
aaroncrane,allisonrandal,1
aaroncrane,missbarbell,1
aaroncrane,sheeshee,1
aaroncrane,rsrchboy,1
aaroncrane,kraih,1
aaroncrane,frioux,1
aaroncrane,chromatic_x,1
aaroncrane,sinan_unur,1
aaroncrane,Reini_Urban,1
aaroncrane,leon_timmermans,1
aaroncrane,xdg,1
aaroncrane,szabgab,1
aaroncrane,kiphampton,1
aaroncrane,preaction,1
aaroncrane,CSJewellPerl,1
aaroncrane,rabcyr,1
aaroncrane,olafalders,1
aaroncrane,dbix_class,1
aaroncrane,gizmomathboy,1
aaroncrane,shadowcat_mdk,1
aaroncrane,celogeek,1
aaroncrane,perlfoundation,1
aaroncrane,vmbrasseur,1
aaroncrane,TimToady,1
aaroncrane,brian_d_foy,1
aaroncrane,briandfoy_perl,1
aaroncrane,novapatch,1
aaroncrane,pghpw,1
aaroncrane,shadowcat_mst,1
aaroncrane,dotandimet,1
aaroncrane,houseabsolute,1
aaroncrane,ribasushi,1
aaroncrane,mjdominus,1
aaroncrane,neilbowers,1
aaroncrane,tommystanton,1
aaroncrane,metacpan,1
aaroncrane,perlironman,1
aaroncrane,culturedperl,1
aaroncrane,Ptolemarch,1
aaroncrane,YAPCNA,1
aaroncrane,PerlWeekly,1
aaroncrane,yapceu,1
aaroncrane,joelaberger,1
aaroncrane,stevanlittle,1
aaroncrane,markjgardner,1
aaroncrane,loltimo,1
aaroncrane,PerlRick,1
aaroncrane,PerlSawyer,1
aaroncrane,iinteractive,1
aaroncrane,PerlTricks,1
aaroncrane,pwb712,1
aaroncrane,PerlDaily,1
aaroncrane,BuiltinPerl,1
aaroncrane,cpantesters,1
aaroncrane,perl_mongers,1
aaroncrane,RepOfCoders,1
perlbuzz,theory,1
perlbuzz,miyagawa,1
perlbuzz,schwern,1
perlbuzz,OvidPerl,1
perlbuzz,timbunce,1
perlbuzz,missbarbell,1
perlbuzz,chromatic_x,1
perlbuzz,szabgab,1
perlbuzz,CSJewellPerl,1
perlbuzz,perlfoundation,1
perlbuzz,TimToady,1
perlbuzz,mjdominus,1
perlbuzz,stevanlittle,1
perlbuzz,BuiltinPerl,1
thaljef,perlcritic,1
thaljef,PerlTricks,1
sweth,TimToady,1
sweth,yapceu,1
sweth,iinteractive,1
mnlagrasta,perlbuzz,1
mnlagrasta,kraih,1
mnlagrasta,TimToady,1
mnlagrasta,briandfoy_perl,1
mnlagrasta,PerlDancer,1
mnlagrasta,YAPCNA,1
mnlagrasta,PerlWeekly,1
mnlagrasta,joelaberger,1
mnlagrasta,PerlSawyer,1
keiosu,davorg,1
keiosu,petdance,1
keiosu,merlyn,1
keiosu,miyagawa,1
keiosu,genehack,1
keiosu,perigrin,1
keiosu,AndyArmstrong,1
keiosu,sartak,1
keiosu,schwern,1
keiosu,pjf,1
keiosu,sungo,1
keiosu,pdcawley,1
keiosu,brianwisti,1
keiosu,aaroncrane,1
keiosu,perlbuzz,1
keiosu,thaljef,1
keiosu,OvidPerl,1
keiosu,timbunce,1
keiosu,allisonrandal,1
keiosu,missbarbell,1
keiosu,chromatic_x,1
keiosu,Reini_Urban,1
keiosu,xdg,1
keiosu,szabgab,1
keiosu,olafalders,1
keiosu,shadowcat_mdk,1
keiosu,perlfoundation,1
keiosu,vmbrasseur,1
keiosu,TimToady,1
keiosu,maryloulenhart,1
keiosu,briandfoy_perl,1
keiosu,novapatch,1
keiosu,pghpw,1
keiosu,shadowcat_mst,1
keiosu,houseabsolute,1
keiosu,ribasushi,1
keiosu,mjdominus,1
keiosu,neilbowers,1
keiosu,tommystanton,1
keiosu,metacpan,1
keiosu,Ptolemarch,1
keiosu,YAPCNA,1
keiosu,yapceu,1
keiosu,stevanlittle,1
keiosu,PerlSawyer,1
OvidPerl,davorg,1
OvidPerl,petdance,1
OvidPerl,merlyn,1
OvidPerl,friedo,1
OvidPerl,theory,1
OvidPerl,miyagawa,1
OvidPerl,genehack,1
OvidPerl,ingydotnet,1
OvidPerl,perigrin,1
OvidPerl,trg404,1
OvidPerl,gnat,1
OvidPerl,AndyArmstrong,1
OvidPerl,perl_api,1
OvidPerl,scrottie,1
OvidPerl,spazm,1
OvidPerl,sartak,1
OvidPerl,schwern,1
OvidPerl,pjf,1
OvidPerl,sungo,1
OvidPerl,pdcawley,1
OvidPerl,brianwisti,1
OvidPerl,aaroncrane,1
OvidPerl,perlbuzz,1
OvidPerl,thaljef,1
OvidPerl,keiosu,1
OvidPerl,timbunce,1
OvidPerl,allisonrandal,1
OvidPerl,missbarbell,1
OvidPerl,sheeshee,1
OvidPerl,kraih,1
OvidPerl,frioux,1
OvidPerl,chromatic_x,1
OvidPerl,Reini_Urban,1
OvidPerl,perlbpbook,1
OvidPerl,perlcritic,1
OvidPerl,leon_timmermans,1
OvidPerl,xdg,1
OvidPerl,szabgab,1
OvidPerl,kiphampton,1
OvidPerl,preaction,1
OvidPerl,CSJewellPerl,1
OvidPerl,perljobs,1
OvidPerl,rabcyr,1
OvidPerl,olafalders,1
OvidPerl,dbix_class,1
OvidPerl,gizmomathboy,1
OvidPerl,shadowcat_mdk,1
OvidPerl,perlfoundation,1
OvidPerl,vmbrasseur,1
OvidPerl,TimToady,1
OvidPerl,brian_d_foy,1
OvidPerl,briandfoy_perl,1
OvidPerl,novapatch,1
OvidPerl,PlanetPerl,1
OvidPerl,pghpw,1
OvidPerl,houseabsolute,1
OvidPerl,sfperlmongers,1
OvidPerl,ribasushi,1
OvidPerl,PerlDancer,1
OvidPerl,mjdominus,1
OvidPerl,neilbowers,1
OvidPerl,metacpan,1
OvidPerl,perlironman,1
OvidPerl,culturedperl,1
OvidPerl,Ptolemarch,1
OvidPerl,YAPCNA,1
OvidPerl,PerlWeekly,1
OvidPerl,yapceu,1
OvidPerl,joelaberger,1
OvidPerl,stevanlittle,1
OvidPerl,shadow_dot_cat,1
OvidPerl,markjgardner,1
OvidPerl,PerlRick,1
OvidPerl,PerlSawyer,1
OvidPerl,PerlTricks,1
OvidPerl,ThePerlShop,1
OvidPerl,BuiltinPerl,1
OvidPerl,rperlcompiler,1
OvidPerl,RepOfCoders,1
timbunce,theory,1
timbunce,perigrin,1
timbunce,gnat,1
timbunce,AndyArmstrong,1
timbunce,schwern,1
timbunce,perlbuzz,1
timbunce,keiosu,1
timbunce,allisonrandal,1
timbunce,missbarbell,1
timbunce,frioux,1
timbunce,xdg,1
timbunce,dbix_class,1
timbunce,perlfoundation,1
timbunce,vmbrasseur,1
timbunce,TimToady,1
timbunce,briandfoy_perl,1
timbunce,PlanetPerl,1
timbunce,shadowcat_mst,1
timbunce,houseabsolute,1
timbunce,ribasushi,1
timbunce,neilbowers,1
timbunce,metacpan,1
timbunce,culturedperl,1
timbunce,YAPCNA,1
timbunce,PerlWeekly,1
timbunce,stevanlittle,1
timbunce,PerlSawyer,1
timbunce,PerlTricks,1
timbunce,PerlDaily,1
timbunce,cpantesters,1
allisonrandal,davorg,1
allisonrandal,theory,1
allisonrandal,miyagawa,1
allisonrandal,gnat,1
allisonrandal,pjf,1
allisonrandal,pdcawley,1
allisonrandal,brianwisti,1
allisonrandal,aaroncrane,1
allisonrandal,keiosu,1
allisonrandal,OvidPerl,1
allisonrandal,timbunce,1
allisonrandal,missbarbell,1
allisonrandal,chromatic_x,1
allisonrandal,Reini_Urban,1
allisonrandal,szabgab,1
allisonrandal,shadowcat_mdk,1
allisonrandal,vmbrasseur,1
allisonrandal,TimToady,1
allisonrandal,mjdominus,1
missbarbell,davorg,1
missbarbell,theory,1
missbarbell,miyagawa,1
missbarbell,genehack,1
missbarbell,perigrin,1
missbarbell,AndyArmstrong,1
missbarbell,schwern,1
missbarbell,pjf,1
missbarbell,pdcawley,1
missbarbell,aaroncrane,1
missbarbell,perlbuzz,1
missbarbell,keiosu,1
missbarbell,OvidPerl,1
missbarbell,timbunce,1
missbarbell,allisonrandal,1
missbarbell,leon_timmermans,1
missbarbell,xdg,1
missbarbell,szabgab,1
missbarbell,preaction,1
missbarbell,olafalders,1
missbarbell,shadowcat_mdk,1
missbarbell,perlfoundation,1
missbarbell,TimToady,1
missbarbell,shadowcat_mst,1
missbarbell,houseabsolute,1
missbarbell,neilbowers,1
missbarbell,metacpan,1
missbarbell,PerlWeekly,1
missbarbell,yapceu,1
missbarbell,joelaberger,1
missbarbell,stevanlittle,1
missbarbell,PerlSawyer,1
missbarbell,PerlTricks,1
missbarbell,cpantesters,1
sheeshee,theory,1
sheeshee,genehack,1
sheeshee,brianwisti,1
sheeshee,aaroncrane,1
sheeshee,OvidPerl,1
sheeshee,preaction,1
sheeshee,rabcyr,1
sheeshee,olafalders,1
sheeshee,TimToady,1
sheeshee,novapatch,1
sheeshee,shadowcat_mst,1
sheeshee,neilbowers,1
sheeshee,metacpan,1
sheeshee,culturedperl,1
sheeshee,Ptolemarch,1
sheeshee,yapceu,1
sheeshee,stevanlittle,1
sheeshee,PerlSawyer,1
sheeshee,PerlTricks,1
sheeshee,pwb712,1
rsrchboy,petdance,1
rsrchboy,merlyn,1
rsrchboy,miyagawa,1
rsrchboy,genehack,1
rsrchboy,ingydotnet,1
rsrchboy,perigrin,1
rsrchboy,sartak,1
rsrchboy,schwern,1
rsrchboy,pjf,1
rsrchboy,pdcawley,1
rsrchboy,perlbuzz,1
rsrchboy,thaljef,1
rsrchboy,timbunce,1
rsrchboy,missbarbell,1
rsrchboy,kraih,1
rsrchboy,chromatic_x,1
rsrchboy,perlcritic,1
rsrchboy,xdg,1
rsrchboy,szabgab,1
rsrchboy,preaction,1
rsrchboy,olafalders,1
rsrchboy,dbix_class,1
rsrchboy,shadowcat_mdk,1
rsrchboy,perlfoundation,1
rsrchboy,vmbrasseur,1
rsrchboy,TimToady,1
rsrchboy,novapatch,1
rsrchboy,PlanetPerl,1
rsrchboy,shadowcat_mst,1
rsrchboy,houseabsolute,1
rsrchboy,sfperlmongers,1
rsrchboy,ribasushi,1
rsrchboy,mjdominus,1
rsrchboy,neilbowers,1
rsrchboy,metacpan,1
rsrchboy,perlironman,1
rsrchboy,culturedperl,1
rsrchboy,YAPCNA,1
rsrchboy,PerlWeekly,1
rsrchboy,stevanlittle,1
rsrchboy,markjgardner,1
rsrchboy,PerlSawyer,1
rsrchboy,iinteractive,1
rsrchboy,PerlTricks,1
rsrchboy,ThePerlShop,1
rsrchboy,PerlDaily,1
rsrchboy,BuiltinPerl,1
rsrchboy,pdxperlmongers,1
rsrchboy,cpantesters,1
kraih,miyagawa,1
kraih,perlbuzz,1
kraih,olafalders,1
kraih,perlfoundation,1
kraih,TimToady,1
kraih,briandfoy_perl,1
kraih,metacpan,1
kraih,perlironman,1
kraih,PerlWeekly,1
kraih,joelaberger,1
kraih,stevanlittle,1
frioux,miyagawa,1
frioux,ingydotnet,1
frioux,perigrin,1
frioux,spazm,1
frioux,brianwisti,1
frioux,timbunce,1
frioux,perlcritic,1
frioux,dbix_class,1
frioux,gizmomathboy,1
frioux,perlfoundation,1
frioux,TimToady,1
frioux,novapatch,1
frioux,ribasushi,1
frioux,mjdominus,1
frioux,tommystanton,1
frioux,metacpan,1
frioux,culturedperl,1
frioux,stevanlittle,1
chromatic_x,perlbuzz,1
chromatic_x,OvidPerl,1
chromatic_x,stevanlittle,1
sinan_unur,petdance,1
sinan_unur,thaljef,1
sinan_unur,xdg,1
sinan_unur,szabgab,1
sinan_unur,pudgenet,1
sinan_unur,perlfoundation,1
sinan_unur,TimToady,1
sinan_unur,briandfoy_perl,1
sinan_unur,metacpan,1
sinan_unur,PerlTricks,1
sinan_unur,cpantesters,1
perlhack,miyagawa,1
perlhack,ingydotnet,1
perlhack,gnat,1
perlhack,brianwisti,1
perlhack,OvidPerl,1
perlhack,timbunce,1
perlhack,chromatic_x,1
perlhack,rabcyr,1
perlhack,TimToady,1
perlhack,mjdominus,1
perlhack,PerlSawyer,1
perlhack,SlackHQ,1
Reini_Urban,davorg,1
Reini_Urban,petdance,1
Reini_Urban,merlyn,1
Reini_Urban,theory,1
Reini_Urban,miyagawa,1
Reini_Urban,ingydotnet,1
Reini_Urban,perigrin,1
Reini_Urban,trg404,1
Reini_Urban,gnat,1
Reini_Urban,AndyArmstrong,1
Reini_Urban,scrottie,1
Reini_Urban,sartak,1
Reini_Urban,schwern,1
Reini_Urban,perlbuzz,1
Reini_Urban,thaljef,1
Reini_Urban,keiosu,1
Reini_Urban,timbunce,1
Reini_Urban,allisonrandal,1
Reini_Urban,missbarbell,1
Reini_Urban,kraih,1
Reini_Urban,chromatic_x,1
Reini_Urban,leon_timmermans,1
Reini_Urban,xdg,1
Reini_Urban,szabgab,1
Reini_Urban,CSJewellPerl,1
Reini_Urban,olafalders,1
Reini_Urban,shadowcat_mdk,1
Reini_Urban,perlfoundation,1
Reini_Urban,TimToady,1
Reini_Urban,brian_d_foy,1
Reini_Urban,briandfoy_perl,1
Reini_Urban,novapatch,1
Reini_Urban,shadowcat_mst,1
Reini_Urban,houseabsolute,1
Reini_Urban,ribasushi,1
Reini_Urban,mjdominus,1
Reini_Urban,neilbowers,1
Reini_Urban,metacpan,1
Reini_Urban,YAPCNA,1
Reini_Urban,PerlWeekly,1
Reini_Urban,yapceu,1
Reini_Urban,joelaberger,1
Reini_Urban,stevanlittle,1
Reini_Urban,shadow_dot_cat,1
Reini_Urban,iinteractive,1
Reini_Urban,PerlTricks,1
Reini_Urban,BuiltinPerl,1
Reini_Urban,perl_mongers,1
Reini_Urban,rperlcompiler,1
PerlStalker,merlyn,1
PerlStalker,sartak,1
PerlStalker,perlbuzz,1
PerlStalker,chromatic_x,1
PerlStalker,briandfoy_perl,1
PerlStalker,PerlDancer,1
perlcritic,petdance,1
perlcritic,sartak,1
perlcritic,schwern,1
perlcritic,thaljef,1
perlcritic,timbunce,1
perlcritic,perlbpbook,1
leon_timmermans,davorg,1
leon_timmermans,miyagawa,1
leon_timmermans,ingydotnet,1
leon_timmermans,perigrin,1
leon_timmermans,AndyArmstrong,1
leon_timmermans,schwern,1
leon_timmermans,sungo,1
leon_timmermans,aaroncrane,1
leon_timmermans,perlbuzz,1
leon_timmermans,OvidPerl,1
leon_timmermans,timbunce,1
leon_timmermans,chromatic_x,1
leon_timmermans,Reini_Urban,1
leon_timmermans,xdg,1
leon_timmermans,shadowcat_mdk,1
leon_timmermans,perlfoundation,1
leon_timmermans,TimToady,1
leon_timmermans,briandfoy_perl,1
leon_timmermans,shadowcat_mst,1
leon_timmermans,houseabsolute,1
leon_timmermans,ribasushi,1
leon_timmermans,mjdominus,1
leon_timmermans,neilbowers,1
leon_timmermans,metacpan,1
leon_timmermans,YAPCNA,1
leon_timmermans,yapceu,1
leon_timmermans,stevanlittle,1
leon_timmermans,PerlSawyer,1
xdg,petdance,1
xdg,theory,1
xdg,miyagawa,1
xdg,ingydotnet,1
xdg,perigrin,1
xdg,AndyArmstrong,1
xdg,pkrumins,1
xdg,spazm,1
xdg,schwern,1
xdg,pjf,1
xdg,pdcawley,1
xdg,aaroncrane,1
xdg,perlbuzz,1
xdg,keiosu,1
xdg,timbunce,1
xdg,allisonrandal,1
xdg,missbarbell,1
xdg,kraih,1
xdg,frioux,1
xdg,chromatic_x,1
xdg,sinan_unur,1
xdg,leon_timmermans,1
xdg,szabgab,1
xdg,rabcyr,1
xdg,olafalders,1
xdg,gizmomathboy,1
xdg,shadowcat_mdk,1
xdg,perlfoundation,1
xdg,vmbrasseur,1
xdg,TimToady,1
xdg,briandfoy_perl,1
xdg,novapatch,1
xdg,shadowcat_mst,1
xdg,houseabsolute,1
xdg,ribasushi,1
xdg,mjdominus,1
xdg,neilbowers,1
xdg,metacpan,1
xdg,perlironman,1
xdg,stevanlittle,1
xdg,PerlSawyer,1
xdg,cpantesters,1
szabgab,merlyn,1
szabgab,aaroncrane,1
szabgab,keiosu,1
szabgab,allisonrandal,1
szabgab,sinan_unur,1
szabgab,xdg,1
szabgab,olafalders,1
szabgab,TimToady,1
szabgab,metacpan,1
szabgab,PerlWeekly,1
szabgab,PerlSawyer,1
kiphampton,petdance,1
kiphampton,miyagawa,1
kiphampton,genehack,1
kiphampton,perigrin,1
kiphampton,trg404,1
kiphampton,gnat,1
kiphampton,sartak,1
kiphampton,pjf,1
kiphampton,sungo,1
kiphampton,pdcawley,1
kiphampton,brianwisti,1
kiphampton,aaroncrane,1
kiphampton,perlbuzz,1
kiphampton,OvidPerl,1
kiphampton,timbunce,1
kiphampton,kraih,1
kiphampton,chromatic_x,1
kiphampton,rabcyr,1
kiphampton,olafalders,1
kiphampton,gizmomathboy,1
kiphampton,shadowcat_mdk,1
kiphampton,vmbrasseur,1
kiphampton,TimToady,1
kiphampton,briandfoy_perl,1
kiphampton,EccentricFlower,1
kiphampton,shadowcat_mst,1
kiphampton,houseabsolute,1
kiphampton,mjdominus,1
kiphampton,metacpan,1
kiphampton,perlironman,1
kiphampton,Ptolemarch,1
kiphampton,YAPCNA,1
kiphampton,stevanlittle,1
kiphampton,PerlSawyer,1
kiphampton,iinteractive,1
kiphampton,perl_mongers,1
pudgenet,ingydotnet,1
pudgenet,gnat,1
pudgenet,pdcawley,1
pudgenet,sinan_unur,1
pudgenet,perlfoundation,1
pudgenet,TimToady,1
pudgenet,briandfoy_perl,1
pudgenet,Ptolemarch,1
preaction,petdance,1
preaction,theory,1
preaction,genehack,1
preaction,ingydotnet,1
preaction,perigrin,1
preaction,scrottie,1
preaction,schwern,1
preaction,pjf,1
preaction,sungo,1
preaction,pdcawley,1
preaction,aaroncrane,1
preaction,perlbuzz,1
preaction,keiosu,1
preaction,OvidPerl,1
preaction,timbunce,1
preaction,missbarbell,1
preaction,chromatic_x,1
preaction,xdg,1
preaction,szabgab,1
preaction,shadowcat_mdk,1
preaction,perlfoundation,1
preaction,vmbrasseur,1
preaction,TimToady,1
preaction,briandfoy_perl,1
preaction,ribasushi,1
preaction,mjdominus,1
preaction,neilbowers,1
preaction,metacpan,1
preaction,Ptolemarch,1
preaction,joelaberger,1
preaction,stevanlittle,1
preaction,PerlSawyer,1
preaction,cpantesters,1
CSJewellPerl,davorg,1
CSJewellPerl,petdance,1
CSJewellPerl,merlyn,1
CSJewellPerl,theory,1
CSJewellPerl,miyagawa,1
CSJewellPerl,ingydotnet,1
CSJewellPerl,perigrin,1
CSJewellPerl,AndyArmstrong,1
CSJewellPerl,perl_api,1
CSJewellPerl,sartak,1
CSJewellPerl,schwern,1
CSJewellPerl,pjf,1
CSJewellPerl,sungo,1
CSJewellPerl,pdcawley,1
CSJewellPerl,aaroncrane,1
CSJewellPerl,perlbuzz,1
CSJewellPerl,thaljef,1
CSJewellPerl,keiosu,1
CSJewellPerl,OvidPerl,1
CSJewellPerl,timbunce,1
CSJewellPerl,allisonrandal,1
CSJewellPerl,missbarbell,1
CSJewellPerl,kraih,1
CSJewellPerl,frioux,1
CSJewellPerl,chromatic_x,1
CSJewellPerl,PerlStalker,1
CSJewellPerl,perlcritic,1
CSJewellPerl,leon_timmermans,1
CSJewellPerl,xdg,1
CSJewellPerl,szabgab,1
CSJewellPerl,perljobs,1
CSJewellPerl,rabcyr,1
CSJewellPerl,olafalders,1
CSJewellPerl,shadowcat_mdk,1
CSJewellPerl,perlfoundation,1
CSJewellPerl,TimToady,1
CSJewellPerl,briandfoy_perl,1
CSJewellPerl,pghpw,1
CSJewellPerl,shadowcat_mst,1
CSJewellPerl,houseabsolute,1
CSJewellPerl,mjdominus,1
CSJewellPerl,metacpan,1
CSJewellPerl,perlironman,1
CSJewellPerl,YAPCNA,1
CSJewellPerl,PerlWeekly,1
CSJewellPerl,stevanlittle,1
CSJewellPerl,PerlSawyer,1
CSJewellPerl,iinteractive,1
CSJewellPerl,PerlTricks,1
CSJewellPerl,BuiltinPerl,1
Yakpi,petdance,1
Yakpi,merlyn,1
Yakpi,friedo,1
Yakpi,miyagawa,1
Yakpi,perigrin,1
Yakpi,john_bokma,1
Yakpi,pdcawley,1
Yakpi,fedward,1
Yakpi,aaroncrane,1
Yakpi,perlbuzz,1
Yakpi,thaljef,1
Yakpi,mnlagrasta,1
Yakpi,keiosu,1
Yakpi,OvidPerl,1
Yakpi,timbunce,1
Yakpi,missbarbell,1
Yakpi,sheeshee,1
Yakpi,rsrchboy,1
Yakpi,kraih,1
Yakpi,chromatic_x,1
Yakpi,Reini_Urban,1
Yakpi,perlcritic,1
Yakpi,xdg,1
Yakpi,szabgab,1
Yakpi,CSJewellPerl,1
Yakpi,olafalders,1
Yakpi,shadowcat_mdk,1
Yakpi,perlfoundation,1
Yakpi,vmbrasseur,1
Yakpi,BostonPM,1
Yakpi,brian_d_foy,1
Yakpi,briandfoy_perl,1
Yakpi,novapatch,1
Yakpi,shadowcat_mst,1
Yakpi,dotandimet,1
Yakpi,houseabsolute,1
Yakpi,sfperlmongers,1
Yakpi,ribasushi,1
Yakpi,SVPerl,1
Yakpi,PerlDancer,1
Yakpi,mjdominus,1
Yakpi,neilbowers,1
Yakpi,tommystanton,1
Yakpi,perlironman,1
Yakpi,Ptolemarch,1
Yakpi,YAPCNA,1
Yakpi,PerlWeekly,1
Yakpi,yapceu,1
Yakpi,joelaberger,1
Yakpi,stevanlittle,1
Yakpi,markjgardner,1
Yakpi,PerlRick,1
Yakpi,PerlSawyer,1
Yakpi,PerlTricks,1
Yakpi,SlackHQ,1
Yakpi,pwb712,1
Yakpi,ThePerlShop,1
Yakpi,PerlDaily,1
Yakpi,BuiltinPerl,1
Yakpi,perl__dp,1
Yakpi,perl_mongers,1
Yakpi,PerlRegex,1
Yakpi,rperlcompiler,1
perljobs,perlfoundation,1
rabcyr,friedo,1
rabcyr,genehack,1
rabcyr,perigrin,1
rabcyr,brianwisti,1
rabcyr,OvidPerl,1
rabcyr,sheeshee,1
rabcyr,xdg,1
rabcyr,kiphampton,1
rabcyr,gizmomathboy,1
rabcyr,vmbrasseur,1
rabcyr,novapatch,1
rabcyr,PerlSawyer,1
olafalders,davorg,1
olafalders,petdance,1
olafalders,merlyn,1
olafalders,friedo,1
olafalders,theory,1
olafalders,miyagawa,1
olafalders,genehack,1
olafalders,ingydotnet,1
olafalders,perigrin,1
olafalders,AndyArmstrong,1
olafalders,john_bokma,1
olafalders,perl_api,1
olafalders,pkrumins,1
olafalders,sartak,1
olafalders,schwern,1
olafalders,pjf,1
olafalders,sungo,1
olafalders,pdcawley,1
olafalders,aaroncrane,1
olafalders,perlbuzz,1
olafalders,thaljef,1
olafalders,keiosu,1
olafalders,OvidPerl,1
olafalders,timbunce,1
olafalders,allisonrandal,1
olafalders,missbarbell,1
olafalders,sheeshee,1
olafalders,rsrchboy,1
olafalders,kraih,1
olafalders,frioux,1
olafalders,chromatic_x,1
olafalders,sinan_unur,1
olafalders,Reini_Urban,1
olafalders,perlcritic,1
olafalders,leon_timmermans,1
olafalders,xdg,1
olafalders,szabgab,1
olafalders,kiphampton,1
olafalders,preaction,1
olafalders,CSJewellPerl,1
olafalders,rabcyr,1
olafalders,dbix_class,1
olafalders,gizmomathboy,1
olafalders,shadowcat_mdk,1
olafalders,perlfoundation,1
olafalders,vmbrasseur,1
olafalders,TimToady,1
olafalders,BostonPM,1
olafalders,brian_d_foy,1
olafalders,briandfoy_perl,1
olafalders,novapatch,1
olafalders,PlanetPerl,1
olafalders,pghpw,1
olafalders,shadowcat_mst,1
olafalders,dotandimet,1
olafalders,houseabsolute,1
olafalders,sfperlmongers,1
olafalders,ribasushi,1
olafalders,SVPerl,1
olafalders,PerlDancer,1
olafalders,mjdominus,1
olafalders,neilbowers,1
olafalders,metacpan,1
olafalders,perlironman,1
olafalders,Ptolemarch,1
olafalders,YAPCNA,1
olafalders,PerlWeekly,1
olafalders,yapceu,1
olafalders,joelaberger,1
olafalders,stevanlittle,1
olafalders,markjgardner,1
olafalders,PerlRick,1
olafalders,PerlSawyer,1
olafalders,iinteractive,1
olafalders,PerlTricks,1
olafalders,pwb712,1
olafalders,ThePerlShop,1
olafalders,PerlDaily,1
olafalders,BuiltinPerl,1
olafalders,cpantesters,1
olafalders,rperlcompiler,1
jbones3000,RegexTip,1
gizmomathboy,miyagawa,1
gizmomathboy,genehack,1
gizmomathboy,perigrin,1
gizmomathboy,trg404,1
gizmomathboy,gnat,1
gizmomathboy,sartak,1
gizmomathboy,pjf,1
gizmomathboy,sungo,1
gizmomathboy,pdcawley,1
gizmomathboy,brianwisti,1
gizmomathboy,OvidPerl,1
gizmomathboy,timbunce,1
gizmomathboy,sheeshee,1
gizmomathboy,frioux,1
gizmomathboy,chromatic_x,1
gizmomathboy,xdg,1
gizmomathboy,kiphampton,1
gizmomathboy,rabcyr,1
gizmomathboy,shadowcat_mdk,1
gizmomathboy,vmbrasseur,1
gizmomathboy,brian_d_foy,1
gizmomathboy,briandfoy_perl,1
gizmomathboy,pghpw,1
gizmomathboy,shadowcat_mst,1
gizmomathboy,PurduePM,1
gizmomathboy,PerlDancer,1
gizmomathboy,mjdominus,1
gizmomathboy,culturedperl,1
gizmomathboy,Ptolemarch,1
gizmomathboy,YAPCNA,1
gizmomathboy,joelaberger,1
gizmomathboy,stevanlittle,1
gizmomathboy,PerlSawyer,1
gizmomathboy,perl_mongers,1
gizmomathboy,Perligata,1
shadowcat_mdk,davorg,1
shadowcat_mdk,petdance,1
shadowcat_mdk,merlyn,1
shadowcat_mdk,friedo,1
shadowcat_mdk,theory,1
shadowcat_mdk,miyagawa,1
shadowcat_mdk,genehack,1
shadowcat_mdk,ingydotnet,1
shadowcat_mdk,perigrin,1
shadowcat_mdk,trg404,1
shadowcat_mdk,gnat,1
shadowcat_mdk,AndyArmstrong,1
shadowcat_mdk,sartak,1
shadowcat_mdk,schwern,1
shadowcat_mdk,pjf,1
shadowcat_mdk,sungo,1
shadowcat_mdk,pdcawley,1
shadowcat_mdk,brianwisti,1
shadowcat_mdk,aaroncrane,1
shadowcat_mdk,perlbuzz,1
shadowcat_mdk,thaljef,1
shadowcat_mdk,keiosu,1
shadowcat_mdk,OvidPerl,1
shadowcat_mdk,timbunce,1
shadowcat_mdk,allisonrandal,1
shadowcat_mdk,missbarbell,1
shadowcat_mdk,sheeshee,1
shadowcat_mdk,rsrchboy,1
shadowcat_mdk,kraih,1
shadowcat_mdk,frioux,1
shadowcat_mdk,chromatic_x,1
shadowcat_mdk,Reini_Urban,1
shadowcat_mdk,perlcritic,1
shadowcat_mdk,leon_timmermans,1
shadowcat_mdk,xdg,1
shadowcat_mdk,szabgab,1
shadowcat_mdk,kiphampton,1
shadowcat_mdk,CSJewellPerl,1
shadowcat_mdk,olafalders,1
shadowcat_mdk,dbix_class,1
shadowcat_mdk,gizmomathboy,1
shadowcat_mdk,perlfoundation,1
shadowcat_mdk,vmbrasseur,1
shadowcat_mdk,TimToady,1
shadowcat_mdk,BostonPM,1
shadowcat_mdk,brian_d_foy,1
shadowcat_mdk,briandfoy_perl,1
shadowcat_mdk,pghpw,1
shadowcat_mdk,shadowcat_mst,1
shadowcat_mdk,houseabsolute,1
shadowcat_mdk,sfperlmongers,1
shadowcat_mdk,ribasushi,1
shadowcat_mdk,SVPerl,1
shadowcat_mdk,PerlDancer,1
shadowcat_mdk,mjdominus,1
shadowcat_mdk,neilbowers,1
shadowcat_mdk,metacpan,1
shadowcat_mdk,perlironman,1
shadowcat_mdk,oss_pl,1
shadowcat_mdk,Ptolemarch,1
shadowcat_mdk,YAPCNA,1
shadowcat_mdk,PerlWeekly,1
shadowcat_mdk,yapceu,1
shadowcat_mdk,joelaberger,1
shadowcat_mdk,stevanlittle,1
shadowcat_mdk,shadow_dot_cat,1
shadowcat_mdk,loltimo,1
shadowcat_mdk,PerlRick,1
shadowcat_mdk,PerlSawyer,1
shadowcat_mdk,iinteractive,1
shadowcat_mdk,PerlTricks,1
shadowcat_mdk,pwb712,1
shadowcat_mdk,ThePerlShop,1
shadowcat_mdk,PerlDaily,1
shadowcat_mdk,BuiltinPerl,1
shadowcat_mdk,cpantesters,1
shadowcat_mdk,perl__dp,1
celogeek,OvidPerl,1
celogeek,TimToady,1
celogeek,shadowcat_mst,1
perlfoundation,davorg,1
perlfoundation,friedo,1
perlfoundation,genehack,1
perlfoundation,ingydotnet,1
perlfoundation,perigrin,1
perlfoundation,trg404,1
perlfoundation,gnat,1
perlfoundation,scrottie,1
perlfoundation,sartak,1
perlfoundation,pjf,1
perlfoundation,sungo,1
perlfoundation,pdcawley,1
perlfoundation,brianwisti,1
perlfoundation,aaroncrane,1
perlfoundation,keiosu,1
perlfoundation,OvidPerl,1
perlfoundation,timbunce,1
perlfoundation,allisonrandal,1
perlfoundation,missbarbell,1
perlfoundation,sheeshee,1
perlfoundation,kraih,1
perlfoundation,chromatic_x,1
perlfoundation,perlcritic,1
perlfoundation,leon_timmermans,1
perlfoundation,xdg,1
perlfoundation,szabgab,1
perlfoundation,kiphampton,1
perlfoundation,CSJewellPerl,1
perlfoundation,olafalders,1
perlfoundation,gizmomathboy,1
perlfoundation,shadowcat_mdk,1
perlfoundation,vmbrasseur,1
perlfoundation,TimToady,1
perlfoundation,brian_d_foy,1
perlfoundation,briandfoy_perl,1
perlfoundation,novapatch,1
perlfoundation,pghpw,1
perlfoundation,shadowcat_mst,1
perlfoundation,houseabsolute,1
perlfoundation,sfperlmongers,1
perlfoundation,mjdominus,1
perlfoundation,neilbowers,1
perlfoundation,metacpan,1
perlfoundation,Ptolemarch,1
perlfoundation,YAPCNA,1
perlfoundation,PerlWeekly,1
perlfoundation,joelaberger,1
perlfoundation,stevanlittle,1
perlfoundation,barcelonapm,1
perlfoundation,shadow_dot_cat,1
perlfoundation,PerlSawyer,1
perlfoundation,PerlTricks,1
perlfoundation,PerlDaily,1
perlfoundation,BuiltinPerl,1
perlfoundation,perl_mongers,1
vmbrasseur,friedo,1
vmbrasseur,theory,1
vmbrasseur,ingydotnet,1
vmbrasseur,perigrin,1
vmbrasseur,trg404,1
vmbrasseur,gnat,1
vmbrasseur,sungo,1
vmbrasseur,pdcawley,1
vmbrasseur,brianwisti,1
vmbrasseur,perlbuzz,1
vmbrasseur,thaljef,1
vmbrasseur,keiosu,1
vmbrasseur,OvidPerl,1
vmbrasseur,timbunce,1
vmbrasseur,allisonrandal,1
vmbrasseur,missbarbell,1
vmbrasseur,rsrchboy,1
vmbrasseur,chromatic_x,1
vmbrasseur,xdg,1
vmbrasseur,szabgab,1
vmbrasseur,kiphampton,1
vmbrasseur,rabcyr,1
vmbrasseur,olafalders,1
vmbrasseur,gizmomathboy,1
vmbrasseur,shadowcat_mdk,1
vmbrasseur,perlfoundation,1
vmbrasseur,TimToady,1
vmbrasseur,briandfoy_perl,1
vmbrasseur,novapatch,1
vmbrasseur,pghpw,1
vmbrasseur,shadowcat_mst,1
vmbrasseur,houseabsolute,1
vmbrasseur,sfperlmongers,1
vmbrasseur,ribasushi,1
vmbrasseur,SVPerl,1
vmbrasseur,mjdominus,1
vmbrasseur,neilbowers,1
vmbrasseur,Ptolemarch,1
vmbrasseur,YAPCNA,1
vmbrasseur,yapceu,1
vmbrasseur,joelaberger,1
vmbrasseur,stevanlittle,1
vmbrasseur,PerlSawyer,1
vmbrasseur,iinteractive,1
vmbrasseur,ThePerlShop,1
vmbrasseur,BuiltinPerl,1
vmbrasseur,pdxperlmongers,1
TimToady,miyagawa,1
TimToady,keiosu,1
TimToady,chromatic_x,1
TimToady,mjdominus,1
maryloulenhart,miyagawa,1
maryloulenhart,keiosu,1
BostonPM,davorg,1
BostonPM,petdance,1
BostonPM,merlyn,1
BostonPM,theory,1
BostonPM,ingydotnet,1
BostonPM,perigrin,1
BostonPM,gnat,1
BostonPM,aaroncrane,1
BostonPM,perlbuzz,1
BostonPM,thaljef,1
BostonPM,OvidPerl,1
BostonPM,timbunce,1
BostonPM,allisonrandal,1
BostonPM,missbarbell,1
BostonPM,sheeshee,1
BostonPM,kraih,1
BostonPM,frioux,1
BostonPM,chromatic_x,1
BostonPM,perlcritic,1
BostonPM,leon_timmermans,1
BostonPM,xdg,1
BostonPM,szabgab,1
BostonPM,Yakpi,1
BostonPM,olafalders,1
BostonPM,dbix_class,1
BostonPM,shadowcat_mdk,1
BostonPM,perlfoundation,1
BostonPM,vmbrasseur,1
BostonPM,TimToady,1
BostonPM,brian_d_foy,1
BostonPM,briandfoy_perl,1
BostonPM,novapatch,1
BostonPM,pghpw,1
BostonPM,shadowcat_mst,1
BostonPM,houseabsolute,1
BostonPM,sfperlmongers,1
BostonPM,PurduePM,1
BostonPM,PerlDancer,1
BostonPM,mjdominus,1
BostonPM,neilbowers,1
BostonPM,metacpan,1
BostonPM,perlironman,1
BostonPM,Ptolemarch,1
BostonPM,YAPCNA,1
BostonPM,PerlWeekly,1
BostonPM,yapceu,1
BostonPM,stevanlittle,1
BostonPM,barcelonapm,1
BostonPM,PerlRick,1
BostonPM,PerlSawyer,1
BostonPM,PerlTricks,1
BostonPM,PerlDaily,1
BostonPM,BuiltinPerl,1
BostonPM,cpantesters,1
BostonPM,perl_mongers,1
brian_d_foy,merlyn,1
brian_d_foy,perl_api,1
brian_d_foy,perlbpbook,1
brian_d_foy,perlcritic,1
brian_d_foy,pudgenet,1
brian_d_foy,perljobs,1
brian_d_foy,BostonPM,1
brian_d_foy,Ptolemarch,1
houstonpm,perlbuzz,1
houstonpm,perlfoundation,1
EccentricFlower,genehack,1
EccentricFlower,danlyke,1
EccentricFlower,kiphampton,1
novapatch,friedo,1
novapatch,genehack,1
novapatch,perigrin,1
novapatch,sartak,1
novapatch,pjf,1
novapatch,pdcawley,1
novapatch,brianwisti,1
novapatch,keiosu,1
novapatch,OvidPerl,1
novapatch,allisonrandal,1
novapatch,sheeshee,1
novapatch,frioux,1
novapatch,xdg,1
novapatch,rabcyr,1
novapatch,olafalders,1
novapatch,perlfoundation,1
novapatch,vmbrasseur,1
novapatch,TimToady,1
novapatch,briandfoy_perl,1
novapatch,shadowcat_mst,1
novapatch,houseabsolute,1
novapatch,mjdominus,1
novapatch,neilbowers,1
novapatch,metacpan,1
novapatch,Ptolemarch,1
novapatch,YAPCNA,1
novapatch,joelaberger,1
novapatch,stevanlittle,1
novapatch,PerlSawyer,1
novapatch,iinteractive,1
Paul_Kinlan,SlackHQ,1
pghpw,davorg,1
pghpw,petdance,1
pghpw,merlyn,1
pghpw,theory,1
pghpw,miyagawa,1
pghpw,genehack,1
pghpw,ingydotnet,1
pghpw,perigrin,1
pghpw,gnat,1
pghpw,AndyArmstrong,1
pghpw,pkrumins,1
pghpw,scrottie,1
pghpw,sartak,1
pghpw,schwern,1
pghpw,twiki,1
pghpw,pjf,1
pghpw,sungo,1
pghpw,pdcawley,1
pghpw,aaroncrane,1
pghpw,perlbuzz,1
pghpw,keiosu,1
pghpw,OvidPerl,1
pghpw,timbunce,1
pghpw,allisonrandal,1
pghpw,missbarbell,1
pghpw,kraih,1
pghpw,frioux,1
pghpw,chromatic_x,1
pghpw,Reini_Urban,1
pghpw,perlbpbook,1
pghpw,perlcritic,1
pghpw,xdg,1
pghpw,szabgab,1
pghpw,kiphampton,1
pghpw,olafalders,1
pghpw,dbix_class,1
pghpw,gizmomathboy,1
pghpw,shadowcat_mdk,1
pghpw,perlfoundation,1
pghpw,TimToady,1
pghpw,BostonPM,1
pghpw,briandfoy_perl,1
pghpw,novapatch,1
pghpw,shadowcat_mst,1
pghpw,mjdominus,1
pghpw,metacpan,1
pghpw,perlironman,1
pghpw,Ptolemarch,1
pghpw,YAPCNA,1
pghpw,stevanlittle,1
pghpw,iinteractive,1
pghpw,PerlTricks,1
shadowcat_mst,ingydotnet,1
shadowcat_mst,perigrin,1
shadowcat_mst,scrottie,1
shadowcat_mst,sungo,1
shadowcat_mst,pdcawley,1
shadowcat_mst,timbunce,1
shadowcat_mst,sheeshee,1
shadowcat_mst,frioux,1
shadowcat_mst,chromatic_x,1
shadowcat_mst,xdg,1
shadowcat_mst,rabcyr,1
shadowcat_mst,dbix_class,1
shadowcat_mst,shadowcat_mdk,1
shadowcat_mst,perlfoundation,1
shadowcat_mst,vmbrasseur,1
shadowcat_mst,TimToady,1
shadowcat_mst,novapatch,1
shadowcat_mst,ribasushi,1
shadowcat_mst,neilbowers,1
shadowcat_mst,perlironman,1
shadowcat_mst,joelaberger,1
shadowcat_mst,stevanlittle,1
carpecrustum,petdance,1
carpecrustum,perlbuzz,1
carpecrustum,briandfoy_perl,1
carpecrustum,PerlWeekly,1
carpecrustum,BuiltinPerl,1
dotandimet,davorg,1
dotandimet,petdance,1
dotandimet,merlyn,1
dotandimet,friedo,1
dotandimet,theory,1
dotandimet,miyagawa,1
dotandimet,genehack,1
dotandimet,ingydotnet,1
dotandimet,perigrin,1
dotandimet,trg404,1
dotandimet,gnat,1
dotandimet,scrottie,1
dotandimet,sartak,1
dotandimet,schwern,1
dotandimet,pjf,1
dotandimet,sungo,1
dotandimet,pdcawley,1
dotandimet,brianwisti,1
dotandimet,aaroncrane,1
dotandimet,perlbuzz,1
dotandimet,OvidPerl,1
dotandimet,timbunce,1
dotandimet,allisonrandal,1
dotandimet,missbarbell,1
dotandimet,sheeshee,1
dotandimet,kraih,1
dotandimet,frioux,1
dotandimet,chromatic_x,1
dotandimet,sinan_unur,1
dotandimet,leon_timmermans,1
dotandimet,xdg,1
dotandimet,szabgab,1
dotandimet,preaction,1
dotandimet,rabcyr,1
dotandimet,olafalders,1
dotandimet,dbix_class,1
dotandimet,shadowcat_mdk,1
dotandimet,perlfoundation,1
dotandimet,vmbrasseur,1
dotandimet,TimToady,1
dotandimet,briandfoy_perl,1
dotandimet,novapatch,1
dotandimet,PlanetPerl,1
dotandimet,shadowcat_mst,1
dotandimet,houseabsolute,1
dotandimet,ribasushi,1
dotandimet,mjdominus,1
dotandimet,neilbowers,1
dotandimet,metacpan,1
dotandimet,oss_pl,1
dotandimet,Ptolemarch,1
dotandimet,PerlWeekly,1
dotandimet,yapceu,1
dotandimet,joelaberger,1
dotandimet,stevanlittle,1
dotandimet,loltimo,1
dotandimet,PerlSawyer,1
dotandimet,PerlDaily,1
dotandimet,BuiltinPerl,1
dotandimet,cpantesters,1
houseabsolute,davorg,1
houseabsolute,petdance,1
houseabsolute,friedo,1
houseabsolute,theory,1
houseabsolute,miyagawa,1
houseabsolute,genehack,1
houseabsolute,ingydotnet,1
houseabsolute,perigrin,1
houseabsolute,AndyArmstrong,1
houseabsolute,sartak,1
houseabsolute,pjf,1
houseabsolute,pdcawley,1
houseabsolute,keiosu,1
houseabsolute,OvidPerl,1
houseabsolute,timbunce,1
houseabsolute,missbarbell,1
houseabsolute,rsrchboy,1
houseabsolute,chromatic_x,1
houseabsolute,leon_timmermans,1
houseabsolute,xdg,1
houseabsolute,szabgab,1
houseabsolute,CSJewellPerl,1
houseabsolute,olafalders,1
houseabsolute,shadowcat_mdk,1
houseabsolute,briandfoy_perl,1
houseabsolute,novapatch,1
houseabsolute,shadowcat_mst,1
houseabsolute,mjdominus,1
houseabsolute,neilbowers,1
houseabsolute,YAPCNA,1
houseabsolute,PerlWeekly,1
houseabsolute,joelaberger,1
houseabsolute,stevanlittle,1
houseabsolute,PerlSawyer,1
sfperlmongers,davorg,1
sfperlmongers,petdance,1
sfperlmongers,merlyn,1
sfperlmongers,friedo,1
sfperlmongers,theory,1
sfperlmongers,miyagawa,1
sfperlmongers,ingydotnet,1
sfperlmongers,perigrin,1
sfperlmongers,AndyArmstrong,1
sfperlmongers,schwern,1
sfperlmongers,pjf,1
sfperlmongers,pdcawley,1
sfperlmongers,perlbuzz,1
sfperlmongers,thaljef,1
sfperlmongers,keiosu,1
sfperlmongers,OvidPerl,1
sfperlmongers,timbunce,1
sfperlmongers,allisonrandal,1
sfperlmongers,missbarbell,1
sfperlmongers,chromatic_x,1
sfperlmongers,Reini_Urban,1
sfperlmongers,perlbpbook,1
sfperlmongers,perlcritic,1
sfperlmongers,xdg,1
sfperlmongers,szabgab,1
sfperlmongers,olafalders,1
sfperlmongers,shadowcat_mdk,1
sfperlmongers,perlfoundation,1
sfperlmongers,vmbrasseur,1
sfperlmongers,TimToady,1
sfperlmongers,BostonPM,1
sfperlmongers,briandfoy_perl,1
sfperlmongers,pghpw,1
sfperlmongers,shadowcat_mst,1
sfperlmongers,SVPerl,1
sfperlmongers,PerlDancer,1
sfperlmongers,mjdominus,1
sfperlmongers,metacpan,1
sfperlmongers,YAPCNA,1
sfperlmongers,PerlWeekly,1
sfperlmongers,PerlSawyer,1
sfperlmongers,PerlTricks,1
sfperlmongers,BuiltinPerl,1
PurduePM,genehack,1
PurduePM,gnat,1
PurduePM,perlbuzz,1
PurduePM,szabgab,1
PurduePM,gizmomathboy,1
PurduePM,perlfoundation,1
PurduePM,TimToady,1
PurduePM,BostonPM,1
PurduePM,houstonpm,1
PurduePM,briandfoy_perl,1
PurduePM,pghpw,1
PurduePM,sfperlmongers,1
PurduePM,SVPerl,1
PurduePM,metacpan,1
PurduePM,perlironman,1
PurduePM,oss_pl,1
PurduePM,YAPCNA,1
PurduePM,PerlWeekly,1
PurduePM,yapceu,1
PurduePM,barcelonapm,1
PurduePM,PerlSawyer,1
PurduePM,PerlTricks,1
PurduePM,PerlDaily,1
PurduePM,perl_mongers,1
PurduePM,PerlRegex,1
PurduePM,rperlcompiler,1
PurduePM,RepOfCoders,1
PurduePM,perl_fan,1
SVPerl,ingydotnet,1
SVPerl,twiki,1
SVPerl,perlbuzz,1
SVPerl,thaljef,1
SVPerl,chromatic_x,1
SVPerl,perlbpbook,1
SVPerl,perlcritic,1
SVPerl,perlfoundation,1
SVPerl,TimToady,1
SVPerl,briandfoy_perl,1
SVPerl,sfperlmongers,1
SVPerl,metacpan,1
SVPerl,YAPCNA,1
SVPerl,PerlWeekly,1
SVPerl,PerlTricks,1
SVPerl,ThePerlShop,1
SVPerl,PerlDaily,1
SVPerl,BuiltinPerl,1
SVPerl,PerlRegex,1
PerlDancer,YAPCNA,1
PerlDancer,stevanlittle,1
PerlDancer,PerlSawyer,1
mjdominus,gnat,1
mjdominus,aaroncrane,1
mjdominus,perlbuzz,1
mjdominus,keiosu,1
mjdominus,allisonrandal,1
mjdominus,frioux,1
mjdominus,perlfoundation,1
mjdominus,TimToady,1
mjdominus,pghpw,1
mjdominus,PerlWeekly,1
mjdominus,stevanlittle,1
mjdominus,PerlSawyer,1
mjdominus,PerlTricks,1
neilbowers,davorg,1
neilbowers,theory,1
neilbowers,miyagawa,1
neilbowers,genehack,1
neilbowers,ingydotnet,1
neilbowers,AndyArmstrong,1
neilbowers,pjf,1
neilbowers,brianwisti,1
neilbowers,aaroncrane,1
neilbowers,perlbuzz,1
neilbowers,thaljef,1
neilbowers,keiosu,1
neilbowers,OvidPerl,1
neilbowers,timbunce,1
neilbowers,missbarbell,1
neilbowers,sheeshee,1
neilbowers,rsrchboy,1
neilbowers,kraih,1
neilbowers,frioux,1
neilbowers,chromatic_x,1
neilbowers,leon_timmermans,1
neilbowers,xdg,1
neilbowers,szabgab,1
neilbowers,preaction,1
neilbowers,olafalders,1
neilbowers,shadowcat_mdk,1
neilbowers,perlfoundation,1
neilbowers,vmbrasseur,1
neilbowers,brian_d_foy,1
neilbowers,briandfoy_perl,1
neilbowers,novapatch,1
neilbowers,shadowcat_mst,1
neilbowers,houseabsolute,1
neilbowers,ribasushi,1
neilbowers,mjdominus,1
neilbowers,metacpan,1
neilbowers,YAPCNA,1
neilbowers,PerlWeekly,1
neilbowers,yapceu,1
neilbowers,joelaberger,1
neilbowers,stevanlittle,1
neilbowers,PerlSawyer,1
neilbowers,iinteractive,1
neilbowers,PerlTricks,1
neilbowers,ThePerlShop,1
neilbowers,PerlDaily,1
neilbowers,BuiltinPerl,1
neilbowers,cpantesters,1
neilbowers,perl_mongers,1
rescuedbycode,perlbuzz,1
rescuedbycode,perlfoundation,1
rescuedbycode,briandfoy_perl,1
rescuedbycode,RegexTip,1
rescuedbycode,PurduePM,1
tommystanton,davorg,1
tommystanton,petdance,1
tommystanton,merlyn,1
tommystanton,friedo,1
tommystanton,miyagawa,1
tommystanton,genehack,1
tommystanton,ingydotnet,1
tommystanton,perigrin,1
tommystanton,AndyArmstrong,1
tommystanton,scrottie,1
tommystanton,spazm,1
tommystanton,sartak,1
tommystanton,schwern,1
tommystanton,pjf,1
tommystanton,sungo,1
tommystanton,pdcawley,1
tommystanton,brianwisti,1
tommystanton,perlbuzz,1
tommystanton,thaljef,1
tommystanton,mnlagrasta,1
tommystanton,keiosu,1
tommystanton,OvidPerl,1
tommystanton,timbunce,1
tommystanton,allisonrandal,1
tommystanton,missbarbell,1
tommystanton,sheeshee,1
tommystanton,rsrchboy,1
tommystanton,kraih,1
tommystanton,frioux,1
tommystanton,chromatic_x,1
tommystanton,sinan_unur,1
tommystanton,Reini_Urban,1
tommystanton,leon_timmermans,1
tommystanton,xdg,1
tommystanton,szabgab,1
tommystanton,preaction,1
tommystanton,Yakpi,1
tommystanton,dbix_class,1
tommystanton,shadowcat_mdk,1
tommystanton,perlfoundation,1
tommystanton,vmbrasseur,1
tommystanton,TimToady,1
tommystanton,brian_d_foy,1
tommystanton,briandfoy_perl,1
tommystanton,novapatch,1
tommystanton,pghpw,1
tommystanton,shadowcat_mst,1
tommystanton,houseabsolute,1
tommystanton,ribasushi,1
tommystanton,mjdominus,1
tommystanton,neilbowers,1
tommystanton,metacpan,1
tommystanton,perlironman,1
tommystanton,YAPCNA,1
tommystanton,PerlWeekly,1
tommystanton,joelaberger,1
tommystanton,stevanlittle,1
tommystanton,shadow_dot_cat,1
tommystanton,markjgardner,1
tommystanton,PerlSawyer,1
tommystanton,iinteractive,1
tommystanton,PerlTricks,1
tommystanton,pwb712,1
tommystanton,ThePerlShop,1
tommystanton,BuiltinPerl,1
tommystanton,cpantesters,1
tommystanton,perl__dp,1
tommystanton,perl_mongers,1
metacpan,davorg,1
metacpan,petdance,1
metacpan,merlyn,1
metacpan,friedo,1
metacpan,theory,1
metacpan,miyagawa,1
metacpan,genehack,1
metacpan,ingydotnet,1
metacpan,perigrin,1
metacpan,AndyArmstrong,1
metacpan,scrottie,1
metacpan,sartak,1
metacpan,schwern,1
metacpan,pjf,1
metacpan,sungo,1
metacpan,pdcawley,1
metacpan,brianwisti,1
metacpan,aaroncrane,1
metacpan,perlbuzz,1
metacpan,thaljef,1
metacpan,keiosu,1
metacpan,OvidPerl,1
metacpan,timbunce,1
metacpan,allisonrandal,1
metacpan,missbarbell,1
metacpan,sheeshee,1
metacpan,rsrchboy,1
metacpan,kraih,1
metacpan,frioux,1
metacpan,chromatic_x,1
metacpan,Reini_Urban,1
metacpan,perlcritic,1
metacpan,leon_timmermans,1
metacpan,xdg,1
metacpan,szabgab,1
metacpan,kiphampton,1
metacpan,CSJewellPerl,1
metacpan,olafalders,1
metacpan,dbix_class,1
metacpan,shadowcat_mdk,1
metacpan,perlfoundation,1
metacpan,vmbrasseur,1
metacpan,TimToady,1
metacpan,BostonPM,1
metacpan,brian_d_foy,1
metacpan,briandfoy_perl,1
metacpan,novapatch,1
metacpan,pghpw,1
metacpan,shadowcat_mst,1
metacpan,dotandimet,1
metacpan,houseabsolute,1
metacpan,sfperlmongers,1
metacpan,ribasushi,1
metacpan,SVPerl,1
metacpan,PerlDancer,1
metacpan,mjdominus,1
metacpan,neilbowers,1
metacpan,tommystanton,1
metacpan,perlironman,1
metacpan,Ptolemarch,1
metacpan,YAPCNA,1
metacpan,PerlWeekly,1
metacpan,yapceu,1
metacpan,joelaberger,1
metacpan,stevanlittle,1
metacpan,shadow_dot_cat,1
metacpan,markjgardner,1
metacpan,PerlRick,1
metacpan,PerlSawyer,1
metacpan,iinteractive,1
metacpan,PerlTricks,1
metacpan,pwb712,1
metacpan,ThePerlShop,1
metacpan,PerlDaily,1
metacpan,BuiltinPerl,1
metacpan,cpantesters,1
metacpan,perl_mongers,1
metacpan,rperlcompiler,1
Ptolemarch,davorg,1
Ptolemarch,petdance,1
Ptolemarch,merlyn,1
Ptolemarch,friedo,1
Ptolemarch,theory,1
Ptolemarch,miyagawa,1
Ptolemarch,genehack,1
Ptolemarch,ingydotnet,1
Ptolemarch,perigrin,1
Ptolemarch,trg404,1
Ptolemarch,gnat,1
Ptolemarch,scrottie,1
Ptolemarch,spazm,1
Ptolemarch,sartak,1
Ptolemarch,schwern,1
Ptolemarch,pdcawley,1
Ptolemarch,brianwisti,1
Ptolemarch,aaroncrane,1
Ptolemarch,perlbuzz,1
Ptolemarch,keiosu,1
Ptolemarch,OvidPerl,1
Ptolemarch,timbunce,1
Ptolemarch,allisonrandal,1
Ptolemarch,missbarbell,1
Ptolemarch,sheeshee,1
Ptolemarch,chromatic_x,1
Ptolemarch,perlcritic,1
Ptolemarch,leon_timmermans,1
Ptolemarch,xdg,1
Ptolemarch,szabgab,1
Ptolemarch,kiphampton,1
Ptolemarch,pudgenet,1
Ptolemarch,preaction,1
Ptolemarch,rabcyr,1
Ptolemarch,olafalders,1
Ptolemarch,dbix_class,1
Ptolemarch,gizmomathboy,1
Ptolemarch,shadowcat_mdk,1
Ptolemarch,perlfoundation,1
Ptolemarch,vmbrasseur,1
Ptolemarch,TimToady,1
Ptolemarch,brian_d_foy,1
Ptolemarch,briandfoy_perl,1
Ptolemarch,RegexTip,1
Ptolemarch,novapatch,1
Ptolemarch,pghpw,1
Ptolemarch,shadowcat_mst,1
Ptolemarch,dotandimet,1
Ptolemarch,houseabsolute,1
Ptolemarch,sfperlmongers,1
Ptolemarch,PurduePM,1
Ptolemarch,PerlDancer,1
Ptolemarch,mjdominus,1
Ptolemarch,neilbowers,1
Ptolemarch,metacpan,1
Ptolemarch,YAPCNA,1
Ptolemarch,PerlWeekly,1
Ptolemarch,joelaberger,1
Ptolemarch,stevanlittle,1
Ptolemarch,shadow_dot_cat,1
Ptolemarch,markjgardner,1
Ptolemarch,PerlSawyer,1
Ptolemarch,iinteractive,1
Ptolemarch,PerlTricks,1
Ptolemarch,pwb712,1
Ptolemarch,ThePerlShop,1
Ptolemarch,PerlDaily,1
Ptolemarch,BuiltinPerl,1
Ptolemarch,cpantesters,1
Ptolemarch,perl_mongers,1
Ptolemarch,RepOfCoders,1
YAPCNA,davorg,1
YAPCNA,petdance,1
YAPCNA,merlyn,1
YAPCNA,theory,1
YAPCNA,miyagawa,1
YAPCNA,genehack,1
YAPCNA,perigrin,1
YAPCNA,trg404,1
YAPCNA,AndyArmstrong,1
YAPCNA,scrottie,1
YAPCNA,sartak,1
YAPCNA,pjf,1
YAPCNA,sungo,1
YAPCNA,pdcawley,1
YAPCNA,aaroncrane,1
YAPCNA,perlbuzz,1
YAPCNA,thaljef,1
YAPCNA,keiosu,1
YAPCNA,OvidPerl,1
YAPCNA,timbunce,1
YAPCNA,allisonrandal,1
YAPCNA,missbarbell,1
YAPCNA,kraih,1
YAPCNA,frioux,1
YAPCNA,chromatic_x,1
YAPCNA,Reini_Urban,1
YAPCNA,perlcritic,1
YAPCNA,leon_timmermans,1
YAPCNA,xdg,1
YAPCNA,szabgab,1
YAPCNA,kiphampton,1
YAPCNA,CSJewellPerl,1
YAPCNA,olafalders,1
YAPCNA,dbix_class,1
YAPCNA,gizmomathboy,1
YAPCNA,shadowcat_mdk,1
YAPCNA,perlfoundation,1
YAPCNA,vmbrasseur,1
YAPCNA,TimToady,1
YAPCNA,briandfoy_perl,1
YAPCNA,novapatch,1
YAPCNA,pghpw,1
YAPCNA,shadowcat_mst,1
YAPCNA,houseabsolute,1
YAPCNA,ribasushi,1
YAPCNA,neilbowers,1
YAPCNA,metacpan,1
YAPCNA,Ptolemarch,1
YAPCNA,PerlWeekly,1
YAPCNA,yapceu,1
YAPCNA,stevanlittle,1
YAPCNA,shadow_dot_cat,1
YAPCNA,markjgardner,1
YAPCNA,PerlSawyer,1
YAPCNA,iinteractive,1
YAPCNA,PerlDaily,1
YAPCNA,BuiltinPerl,1
YAPCNA,cpantesters,1
PerlWeekly,twiki,1
PerlWeekly,perlbuzz,1
PerlWeekly,perlcritic,1
PerlWeekly,szabgab,1
PerlWeekly,dbix_class,1
PerlWeekly,perlfoundation,1
PerlWeekly,TimToady,1
PerlWeekly,pghpw,1
PerlWeekly,sfperlmongers,1
PerlWeekly,PurduePM,1
PerlWeekly,SVPerl,1
PerlWeekly,PerlDancer,1
PerlWeekly,metacpan,1
PerlWeekly,culturedperl,1
PerlWeekly,YAPCNA,1
PerlWeekly,yapceu,1
PerlWeekly,PerlDaily,1
PerlWeekly,cpantesters,1
PerlWeekly,perl_mongers,1
yapceu,davorg,1
yapceu,petdance,1
yapceu,merlyn,1
yapceu,friedo,1
yapceu,theory,1
yapceu,miyagawa,1
yapceu,genehack,1
yapceu,ingydotnet,1
yapceu,perigrin,1
yapceu,AndyArmstrong,1
yapceu,john_bokma,1
yapceu,perl_api,1
yapceu,sartak,1
yapceu,twiki,1
yapceu,pjf,1
yapceu,sungo,1
yapceu,pdcawley,1
yapceu,brianwisti,1
yapceu,aaroncrane,1
yapceu,perlbuzz,1
yapceu,thaljef,1
yapceu,sweth,1
yapceu,keiosu,1
yapceu,OvidPerl,1
yapceu,timbunce,1
yapceu,allisonrandal,1
yapceu,missbarbell,1
yapceu,sheeshee,1
yapceu,rsrchboy,1
yapceu,kraih,1
yapceu,frioux,1
yapceu,chromatic_x,1
yapceu,Reini_Urban,1
yapceu,PerlStalker,1
yapceu,perlbpbook,1
yapceu,perlcritic,1
yapceu,leon_timmermans,1
yapceu,xdg,1
yapceu,szabgab,1
yapceu,kiphampton,1
yapceu,preaction,1
yapceu,CSJewellPerl,1
yapceu,Yakpi,1
yapceu,rabcyr,1
yapceu,olafalders,1
yapceu,dbix_class,1
yapceu,gizmomathboy,1
yapceu,shadowcat_mdk,1
yapceu,perlfoundation,1
yapceu,vmbrasseur,1
yapceu,TimToady,1
yapceu,BostonPM,1
yapceu,brian_d_foy,1
yapceu,briandfoy_perl,1
yapceu,RegexTip,1
yapceu,novapatch,1
yapceu,pghpw,1
yapceu,shadowcat_mst,1
yapceu,dotandimet,1
yapceu,houseabsolute,1
yapceu,sfperlmongers,1
yapceu,PurduePM,1
yapceu,ribasushi,1
yapceu,SVPerl,1
yapceu,PerlDancer,1
yapceu,mjdominus,1
yapceu,neilbowers,1
yapceu,tommystanton,1
yapceu,metacpan,1
yapceu,perlironman,1
yapceu,oss_pl,1
yapceu,culturedperl,1
yapceu,Ptolemarch,1
yapceu,YAPCNA,1
yapceu,PerlWeekly,1
yapceu,joelaberger,1
yapceu,stevanlittle,1
yapceu,barcelonapm,1
yapceu,shadow_dot_cat,1
yapceu,markjgardner,1
yapceu,PerlRick,1
yapceu,PerlSawyer,1
yapceu,iinteractive,1
yapceu,PerlTricks,1
yapceu,pwb712,1
yapceu,ThePerlShop,1
yapceu,PerlDaily,1
yapceu,BuiltinPerl,1
yapceu,cpantesters,1
yapceu,perl__dp,1
yapceu,perl_mongers,1
yapceu,PerlRegex,1
yapceu,rperlcompiler,1
yapceu,RepOfCoders,1
joelaberger,davorg,1
joelaberger,petdance,1
joelaberger,merlyn,1
joelaberger,friedo,1
joelaberger,theory,1
joelaberger,miyagawa,1
joelaberger,genehack,1
joelaberger,ingydotnet,1
joelaberger,perigrin,1
joelaberger,trg404,1
joelaberger,sartak,1
joelaberger,schwern,1
joelaberger,pjf,1
joelaberger,sungo,1
joelaberger,aaroncrane,1
joelaberger,perlbuzz,1
joelaberger,mnlagrasta,1
joelaberger,keiosu,1
joelaberger,OvidPerl,1
joelaberger,timbunce,1
joelaberger,missbarbell,1
joelaberger,sheeshee,1
joelaberger,kraih,1
joelaberger,frioux,1
joelaberger,chromatic_x,1
joelaberger,Reini_Urban,1
joelaberger,leon_timmermans,1
joelaberger,xdg,1
joelaberger,szabgab,1
joelaberger,preaction,1
joelaberger,olafalders,1
joelaberger,gizmomathboy,1
joelaberger,shadowcat_mdk,1
joelaberger,perlfoundation,1
joelaberger,vmbrasseur,1
joelaberger,TimToady,1
joelaberger,brian_d_foy,1
joelaberger,briandfoy_perl,1
joelaberger,novapatch,1
joelaberger,shadowcat_mst,1
joelaberger,dotandimet,1
joelaberger,houseabsolute,1
joelaberger,ribasushi,1
joelaberger,mjdominus,1
joelaberger,neilbowers,1
joelaberger,tommystanton,1
joelaberger,metacpan,1
joelaberger,culturedperl,1
joelaberger,Ptolemarch,1
joelaberger,YAPCNA,1
joelaberger,PerlWeekly,1
joelaberger,stevanlittle,1
joelaberger,markjgardner,1
joelaberger,PerlSawyer,1
joelaberger,PerlTricks,1
joelaberger,PerlDaily,1
joelaberger,BuiltinPerl,1
stevanlittle,davorg,1
stevanlittle,petdance,1
stevanlittle,merlyn,1
stevanlittle,friedo,1
stevanlittle,theory,1
stevanlittle,miyagawa,1
stevanlittle,genehack,1
stevanlittle,ingydotnet,1
stevanlittle,perigrin,1
stevanlittle,trg404,1
stevanlittle,AndyArmstrong,1
stevanlittle,scrottie,1
stevanlittle,spazm,1
stevanlittle,sartak,1
stevanlittle,schwern,1
stevanlittle,twiki,1
stevanlittle,pjf,1
stevanlittle,sungo,1
stevanlittle,pdcawley,1
stevanlittle,brianwisti,1
stevanlittle,aaroncrane,1
stevanlittle,perlbuzz,1
stevanlittle,thaljef,1
stevanlittle,keiosu,1
stevanlittle,OvidPerl,1
stevanlittle,timbunce,1
stevanlittle,allisonrandal,1
stevanlittle,missbarbell,1
stevanlittle,sheeshee,1
stevanlittle,rsrchboy,1
stevanlittle,kraih,1
stevanlittle,frioux,1
stevanlittle,chromatic_x,1
stevanlittle,leon_timmermans,1
stevanlittle,xdg,1
stevanlittle,kiphampton,1
stevanlittle,preaction,1
stevanlittle,CSJewellPerl,1
stevanlittle,olafalders,1
stevanlittle,dbix_class,1
stevanlittle,gizmomathboy,1
stevanlittle,shadowcat_mdk,1
stevanlittle,perlfoundation,1
stevanlittle,vmbrasseur,1
stevanlittle,TimToady,1
stevanlittle,brian_d_foy,1
stevanlittle,briandfoy_perl,1
stevanlittle,novapatch,1
stevanlittle,pghpw,1
stevanlittle,shadowcat_mst,1
stevanlittle,houseabsolute,1
stevanlittle,sfperlmongers,1
stevanlittle,ribasushi,1
stevanlittle,PerlDancer,1
stevanlittle,mjdominus,1
stevanlittle,neilbowers,1
stevanlittle,tommystanton,1
stevanlittle,metacpan,1
stevanlittle,perlironman,1
stevanlittle,Ptolemarch,1
stevanlittle,YAPCNA,1
stevanlittle,PerlWeekly,1
stevanlittle,joelaberger,1
stevanlittle,barcelonapm,1
stevanlittle,PerlSawyer,1
stevanlittle,iinteractive,1
stevanlittle,PerlTricks,1
stevanlittle,pwb712,1
stevanlittle,BuiltinPerl,1
stevanlittle,perl_mongers,1
barcelonapm,miyagawa,1
barcelonapm,shadowcat_mdk,1
barcelonapm,perlfoundation,1
barcelonapm,briandfoy_perl,1
barcelonapm,PerlWeekly,1
barcelonapm,yapceu,1
barcelonapm,stevanlittle,1
barcelonapm,shadow_dot_cat,1
barcelonapm,PerlSawyer,1
shadow_dot_cat,chromatic_x,1
shadow_dot_cat,shadowcat_mdk,1
shadow_dot_cat,perlfoundation,1
shadow_dot_cat,shadowcat_mst,1
shadow_dot_cat,perlironman,1
shadow_dot_cat,yapceu,1
markjgardner,petdance,1
markjgardner,merlyn,1
markjgardner,theory,1
markjgardner,miyagawa,1
markjgardner,genehack,1
markjgardner,ingydotnet,1
markjgardner,perigrin,1
markjgardner,trg404,1
markjgardner,gnat,1
markjgardner,AndyArmstrong,1
markjgardner,perl_api,1
markjgardner,scrottie,1
markjgardner,spazm,1
markjgardner,sartak,1
markjgardner,schwern,1
markjgardner,pjf,1
markjgardner,sungo,1
markjgardner,pdcawley,1
markjgardner,brianwisti,1
markjgardner,aaroncrane,1
markjgardner,perlbuzz,1
markjgardner,thaljef,1
markjgardner,keiosu,1
markjgardner,OvidPerl,1
markjgardner,timbunce,1
markjgardner,allisonrandal,1
markjgardner,missbarbell,1
markjgardner,rsrchboy,1
markjgardner,kraih,1
markjgardner,frioux,1
markjgardner,chromatic_x,1
markjgardner,Reini_Urban,1
markjgardner,perlcritic,1
markjgardner,leon_timmermans,1
markjgardner,xdg,1
markjgardner,szabgab,1
markjgardner,kiphampton,1
markjgardner,pudgenet,1
markjgardner,CSJewellPerl,1
markjgardner,rabcyr,1
markjgardner,olafalders,1
markjgardner,dbix_class,1
markjgardner,gizmomathboy,1
markjgardner,shadowcat_mdk,1
markjgardner,perlfoundation,1
markjgardner,vmbrasseur,1
markjgardner,TimToady,1
markjgardner,brian_d_foy,1
markjgardner,houstonpm,1
markjgardner,briandfoy_perl,1
markjgardner,RegexTip,1
markjgardner,novapatch,1
markjgardner,pghpw,1
markjgardner,shadowcat_mst,1
markjgardner,houseabsolute,1
markjgardner,ribasushi,1
markjgardner,PerlDancer,1
markjgardner,mjdominus,1
markjgardner,neilbowers,1
markjgardner,metacpan,1
markjgardner,culturedperl,1
markjgardner,Ptolemarch,1
markjgardner,YAPCNA,1
markjgardner,PerlWeekly,1
markjgardner,joelaberger,1
markjgardner,stevanlittle,1
markjgardner,PerlRick,1
markjgardner,PerlSawyer,1
markjgardner,iinteractive,1
markjgardner,PerlTricks,1
markjgardner,SlackHQ,1
markjgardner,pwb712,1
markjgardner,ThePerlShop,1
markjgardner,PerlDaily,1
markjgardner,BuiltinPerl,1
markjgardner,perl_mongers,1
markjgardner,rperlcompiler,1
markjgardner,Perligata,1
loltimo,TimToady,1
PerlRick,davorg,1
PerlRick,petdance,1
PerlRick,merlyn,1
PerlRick,theory,1
PerlRick,perigrin,1
PerlRick,trg404,1
PerlRick,gnat,1
PerlRick,AndyArmstrong,1
PerlRick,scrottie,1
PerlRick,pjf,1
PerlRick,pdcawley,1
PerlRick,brianwisti,1
PerlRick,aaroncrane,1
PerlRick,perlbuzz,1
PerlRick,thaljef,1
PerlRick,keiosu,1
PerlRick,OvidPerl,1
PerlRick,timbunce,1
PerlRick,missbarbell,1
PerlRick,sheeshee,1
PerlRick,kraih,1
PerlRick,Reini_Urban,1
PerlRick,cloudfoundry,1
PerlRick,perlcritic,1
PerlRick,xdg,1
PerlRick,szabgab,1
PerlRick,CSJewellPerl,1
PerlRick,perljobs,1
PerlRick,olafalders,1
PerlRick,dbix_class,1
PerlRick,shadowcat_mdk,1
PerlRick,TimToady,1
PerlRick,BostonPM,1
PerlRick,briandfoy_perl,1
PerlRick,novapatch,1
PerlRick,pghpw,1
PerlRick,shadowcat_mst,1
PerlRick,houseabsolute,1
PerlRick,sfperlmongers,1
PerlRick,ribasushi,1
PerlRick,SVPerl,1
PerlRick,neilbowers,1
PerlRick,metacpan,1
PerlRick,perlironman,1
PerlRick,Ptolemarch,1
PerlRick,YAPCNA,1
PerlRick,PerlWeekly,1
PerlRick,yapceu,1
PerlRick,joelaberger,1
PerlRick,barcelonapm,1
PerlRick,PerlSawyer,1
PerlRick,PerlTricks,1
PerlRick,pwb712,1
PerlRick,ThePerlShop,1
PerlRick,PerlDaily,1
PerlRick,BuiltinPerl,1
PerlRick,cpantesters,1
PerlSawyer,davorg,1
PerlSawyer,petdance,1
PerlSawyer,merlyn,1
PerlSawyer,friedo,1
PerlSawyer,theory,1
PerlSawyer,miyagawa,1
PerlSawyer,genehack,1
PerlSawyer,ingydotnet,1
PerlSawyer,perigrin,1
PerlSawyer,trg404,1
PerlSawyer,scrottie,1
PerlSawyer,spazm,1
PerlSawyer,sartak,1
PerlSawyer,schwern,1
PerlSawyer,pjf,1
PerlSawyer,sungo,1
PerlSawyer,brianwisti,1
PerlSawyer,fedward,1
PerlSawyer,aaroncrane,1
PerlSawyer,perlbuzz,1
PerlSawyer,thaljef,1
PerlSawyer,sweth,1
PerlSawyer,keiosu,1
PerlSawyer,OvidPerl,1
PerlSawyer,timbunce,1
PerlSawyer,missbarbell,1
PerlSawyer,sheeshee,1
PerlSawyer,rsrchboy,1
PerlSawyer,frioux,1
PerlSawyer,chromatic_x,1
PerlSawyer,Reini_Urban,1
PerlSawyer,perlcritic,1
PerlSawyer,leon_timmermans,1
PerlSawyer,xdg,1
PerlSawyer,szabgab,1
PerlSawyer,kiphampton,1
PerlSawyer,preaction,1
PerlSawyer,rabcyr,1
PerlSawyer,olafalders,1
PerlSawyer,gizmomathboy,1
PerlSawyer,shadowcat_mdk,1
PerlSawyer,perlfoundation,1
PerlSawyer,vmbrasseur,1
PerlSawyer,TimToady,1
PerlSawyer,BostonPM,1
PerlSawyer,briandfoy_perl,1
PerlSawyer,novapatch,1
PerlSawyer,shadowcat_mst,1
PerlSawyer,dotandimet,1
PerlSawyer,houseabsolute,1
PerlSawyer,sfperlmongers,1
PerlSawyer,ribasushi,1
PerlSawyer,PerlDancer,1
PerlSawyer,mjdominus,1
PerlSawyer,neilbowers,1
PerlSawyer,tommystanton,1
PerlSawyer,metacpan,1
PerlSawyer,Ptolemarch,1
PerlSawyer,YAPCNA,1
PerlSawyer,PerlWeekly,1
PerlSawyer,yapceu,1
PerlSawyer,joelaberger,1
PerlSawyer,stevanlittle,1
PerlSawyer,barcelonapm,1
PerlSawyer,shadow_dot_cat,1
PerlSawyer,markjgardner,1
PerlSawyer,iinteractive,1
PerlSawyer,PerlTricks,1
PerlSawyer,pwb712,1
PerlSawyer,PerlDaily,1
PerlSawyer,BuiltinPerl,1
PerlSawyer,RepOfCoders,1
vikin91,petdance,1
vikin91,genehack,1
vikin91,perigrin,1
vikin91,john_bokma,1
vikin91,pjf,1
vikin91,brianwisti,1
vikin91,perlbuzz,1
vikin91,OvidPerl,1
vikin91,timbunce,1
vikin91,kraih,1
vikin91,szabgab,1
vikin91,perlfoundation,1
vikin91,TimToady,1
vikin91,briandfoy_perl,1
vikin91,shadowcat_mst,1
vikin91,houseabsolute,1
vikin91,neilbowers,1
vikin91,metacpan,1
vikin91,perlironman,1
vikin91,culturedperl,1
vikin91,YAPCNA,1
vikin91,PerlWeekly,1
vikin91,joelaberger,1
vikin91,PerlSawyer,1
vikin91,PerlTricks,1
vikin91,SlackHQ,1
vikin91,BuiltinPerl,1
iinteractive,davorg,1
iinteractive,petdance,1
iinteractive,merlyn,1
iinteractive,friedo,1
iinteractive,theory,1
iinteractive,miyagawa,1
iinteractive,genehack,1
iinteractive,perigrin,1
iinteractive,trg404,1
iinteractive,gnat,1
iinteractive,AndyArmstrong,1
iinteractive,scrottie,1
iinteractive,sartak,1
iinteractive,schwern,1
iinteractive,pjf,1
iinteractive,sungo,1
iinteractive,pdcawley,1
iinteractive,brianwisti,1
iinteractive,aaroncrane,1
iinteractive,perlbuzz,1
iinteractive,thaljef,1
iinteractive,sweth,1
iinteractive,keiosu,1
iinteractive,OvidPerl,1
iinteractive,timbunce,1
iinteractive,allisonrandal,1
iinteractive,missbarbell,1
iinteractive,sheeshee,1
iinteractive,rsrchboy,1
iinteractive,kraih,1
iinteractive,frioux,1
iinteractive,chromatic_x,1
iinteractive,Reini_Urban,1
iinteractive,perlcritic,1
iinteractive,leon_timmermans,1
iinteractive,xdg,1
iinteractive,szabgab,1
iinteractive,kiphampton,1
iinteractive,preaction,1
iinteractive,CSJewellPerl,1
iinteractive,rabcyr,1
iinteractive,olafalders,1
iinteractive,dbix_class,1
iinteractive,gizmomathboy,1
iinteractive,shadowcat_mdk,1
iinteractive,perlfoundation,1
iinteractive,vmbrasseur,1
iinteractive,TimToady,1
iinteractive,brian_d_foy,1
iinteractive,briandfoy_perl,1
iinteractive,novapatch,1
iinteractive,pghpw,1
iinteractive,shadowcat_mst,1
iinteractive,houseabsolute,1
iinteractive,sfperlmongers,1
iinteractive,ribasushi,1
iinteractive,PerlDancer,1
iinteractive,mjdominus,1
iinteractive,neilbowers,1
iinteractive,tommystanton,1
iinteractive,metacpan,1
iinteractive,perlironman,1
iinteractive,Ptolemarch,1
iinteractive,YAPCNA,1
iinteractive,PerlWeekly,1
iinteractive,yapceu,1
iinteractive,joelaberger,1
iinteractive,stevanlittle,1
iinteractive,shadow_dot_cat,1
iinteractive,markjgardner,1
iinteractive,PerlRick,1
iinteractive,PerlSawyer,1
iinteractive,PerlTricks,1
iinteractive,SlackHQ,1
iinteractive,PerlDaily,1
iinteractive,BuiltinPerl,1
iinteractive,cpantesters,1
iinteractive,rperlcompiler,1
SlackHQ,friedo,1
SlackHQ,theory,1
SlackHQ,miyagawa,1
SlackHQ,genehack,1
SlackHQ,perigrin,1
SlackHQ,gnat,1
SlackHQ,spazm,1
SlackHQ,sartak,1
SlackHQ,brianwisti,1
SlackHQ,fedward,1
SlackHQ,OvidPerl,1
SlackHQ,timbunce,1
SlackHQ,frioux,1
SlackHQ,perlhack,1
SlackHQ,xdg,1
SlackHQ,Yakpi,1
SlackHQ,rabcyr,1
SlackHQ,vmbrasseur,1
SlackHQ,maryloulenhart,1
SlackHQ,Paul_Kinlan,1
SlackHQ,shadowcat_mst,1
SlackHQ,mjdominus,1
SlackHQ,Ptolemarch,1
SlackHQ,markjgardner,1
SlackHQ,PerlSawyer,1
SlackHQ,PerlDaily,1
SlackHQ,jonwarreninfo,1
pwb712,davorg,1
pwb712,petdance,1
pwb712,merlyn,1
pwb712,friedo,1
pwb712,theory,1
pwb712,miyagawa,1
pwb712,genehack,1
pwb712,ingydotnet,1
pwb712,perigrin,1
pwb712,gnat,1
pwb712,AndyArmstrong,1
pwb712,john_bokma,1
pwb712,danlyke,1
pwb712,sartak,1
pwb712,pjf,1
pwb712,sungo,1
pwb712,brianwisti,1
pwb712,aaroncrane,1
pwb712,perlbuzz,1
pwb712,thaljef,1
pwb712,keiosu,1
pwb712,OvidPerl,1
pwb712,timbunce,1
pwb712,missbarbell,1
pwb712,sheeshee,1
pwb712,rsrchboy,1
pwb712,kraih,1
pwb712,frioux,1
pwb712,chromatic_x,1
pwb712,Reini_Urban,1
pwb712,perlcritic,1
pwb712,leon_timmermans,1
pwb712,xdg,1
pwb712,szabgab,1
pwb712,kiphampton,1
pwb712,preaction,1
pwb712,CSJewellPerl,1
pwb712,Yakpi,1
pwb712,olafalders,1
pwb712,dbix_class,1
pwb712,gizmomathboy,1
pwb712,shadowcat_mdk,1
pwb712,perlfoundation,1
pwb712,vmbrasseur,1
pwb712,TimToady,1
pwb712,brian_d_foy,1
pwb712,briandfoy_perl,1
pwb712,RegexTip,1
pwb712,novapatch,1
pwb712,shadowcat_mst,1
pwb712,houseabsolute,1
pwb712,sfperlmongers,1
pwb712,ribasushi,1
pwb712,PerlDancer,1
pwb712,mjdominus,1
pwb712,neilbowers,1
pwb712,tommystanton,1
pwb712,metacpan,1
pwb712,perlironman,1
pwb712,culturedperl,1
pwb712,Ptolemarch,1
pwb712,YAPCNA,1
pwb712,PerlWeekly,1
pwb712,yapceu,1
pwb712,joelaberger,1
pwb712,stevanlittle,1
pwb712,shadow_dot_cat,1
pwb712,markjgardner,1
pwb712,PerlSawyer,1
pwb712,PerlTricks,1
pwb712,ThePerlShop,1
pwb712,PerlDaily,1
pwb712,BuiltinPerl,1
pwb712,cpantesters,1
pwb712,perl_mongers,1
pwb712,PerlRegex,1
pwb712,rperlcompiler,1
pwb712,RepOfCoders,1
ThePerlShop,davorg,1
ThePerlShop,petdance,1
ThePerlShop,merlyn,1
ThePerlShop,friedo,1
ThePerlShop,theory,1
ThePerlShop,miyagawa,1
ThePerlShop,genehack,1
ThePerlShop,ingydotnet,1
ThePerlShop,perigrin,1
ThePerlShop,gnat,1
ThePerlShop,AndyArmstrong,1
ThePerlShop,scrottie,1
ThePerlShop,sartak,1
ThePerlShop,twiki,1
ThePerlShop,pjf,1
ThePerlShop,pdcawley,1
ThePerlShop,brianwisti,1
ThePerlShop,aaroncrane,1
ThePerlShop,perlbuzz,1
ThePerlShop,thaljef,1
ThePerlShop,keiosu,1
ThePerlShop,OvidPerl,1
ThePerlShop,timbunce,1
ThePerlShop,allisonrandal,1
ThePerlShop,missbarbell,1
ThePerlShop,sheeshee,1
ThePerlShop,rsrchboy,1
ThePerlShop,kraih,1
ThePerlShop,frioux,1
ThePerlShop,chromatic_x,1
ThePerlShop,Reini_Urban,1
ThePerlShop,perlbpbook,1
ThePerlShop,perlcritic,1
ThePerlShop,leon_timmermans,1
ThePerlShop,xdg,1
ThePerlShop,szabgab,1
ThePerlShop,kiphampton,1
ThePerlShop,CSJewellPerl,1
ThePerlShop,Yakpi,1
ThePerlShop,perljobs,1
ThePerlShop,olafalders,1
ThePerlShop,dbix_class,1
ThePerlShop,shadowcat_mdk,1
ThePerlShop,perlfoundation,1
ThePerlShop,vmbrasseur,1
ThePerlShop,TimToady,1
ThePerlShop,BostonPM,1
ThePerlShop,brian_d_foy,1
ThePerlShop,briandfoy_perl,1
ThePerlShop,novapatch,1
ThePerlShop,PlanetPerl,1
ThePerlShop,pghpw,1
ThePerlShop,shadowcat_mst,1
ThePerlShop,dotandimet,1
ThePerlShop,houseabsolute,1
ThePerlShop,sfperlmongers,1
ThePerlShop,ribasushi,1
ThePerlShop,SVPerl,1
ThePerlShop,PerlDancer,1
ThePerlShop,mjdominus,1
ThePerlShop,neilbowers,1
ThePerlShop,rescuedbycode,1
ThePerlShop,tommystanton,1
ThePerlShop,metacpan,1
ThePerlShop,perlironman,1
ThePerlShop,oss_pl,1
ThePerlShop,Ptolemarch,1
ThePerlShop,YAPCNA,1
ThePerlShop,PerlWeekly,1
ThePerlShop,yapceu,1
ThePerlShop,joelaberger,1
ThePerlShop,stevanlittle,1
ThePerlShop,barcelonapm,1
ThePerlShop,shadow_dot_cat,1
ThePerlShop,markjgardner,1
ThePerlShop,PerlRick,1
ThePerlShop,PerlSawyer,1
ThePerlShop,iinteractive,1
ThePerlShop,PerlTricks,1
ThePerlShop,pwb712,1
ThePerlShop,PerlDaily,1
ThePerlShop,BuiltinPerl,1
ThePerlShop,pdxperlmongers,1
ThePerlShop,cpantesters,1
ThePerlShop,perl_mongers,1
ThePerlShop,PerlRegex,1
ThePerlShop,PerlRapidApp,1
ThePerlShop,rperlcompiler,1
PerlDaily,petdance,1
PerlDaily,merlyn,1
PerlDaily,theory,1
PerlDaily,miyagawa,1
PerlDaily,perigrin,1
PerlDaily,perl_api,1
PerlDaily,schwern,1
PerlDaily,pjf,1
PerlDaily,perlbuzz,1
PerlDaily,OvidPerl,1
PerlDaily,timbunce,1
PerlDaily,kraih,1
PerlDaily,chromatic_x,1
PerlDaily,perlbpbook,1
PerlDaily,perlcritic,1
PerlDaily,szabgab,1
PerlDaily,perlfoundation,1
PerlDaily,TimToady,1
PerlDaily,briandfoy_perl,1
PerlDaily,shadowcat_mst,1
PerlDaily,PerlDancer,1
PerlDaily,mjdominus,1
PerlDaily,PerlWeekly,1
PerlDaily,PerlSawyer,1
PerlDaily,PerlTricks,1
PerlDaily,PerlRegex,1
BuiltinPerl,davorg,1
BuiltinPerl,petdance,1
BuiltinPerl,merlyn,1
BuiltinPerl,friedo,1
BuiltinPerl,theory,1
BuiltinPerl,miyagawa,1
BuiltinPerl,genehack,1
BuiltinPerl,ingydotnet,1
BuiltinPerl,perigrin,1
BuiltinPerl,gnat,1
BuiltinPerl,AndyArmstrong,1
BuiltinPerl,john_bokma,1
BuiltinPerl,perl_api,1
BuiltinPerl,scrottie,1
BuiltinPerl,spazm,1
BuiltinPerl,sartak,1
BuiltinPerl,twiki,1
BuiltinPerl,pjf,1
BuiltinPerl,sungo,1
BuiltinPerl,pdcawley,1
BuiltinPerl,brianwisti,1
BuiltinPerl,aaroncrane,1
BuiltinPerl,perlbuzz,1
BuiltinPerl,thaljef,1
BuiltinPerl,keiosu,1
BuiltinPerl,OvidPerl,1
BuiltinPerl,timbunce,1
BuiltinPerl,allisonrandal,1
BuiltinPerl,missbarbell,1
BuiltinPerl,sheeshee,1
BuiltinPerl,rsrchboy,1
BuiltinPerl,kraih,1
BuiltinPerl,frioux,1
BuiltinPerl,chromatic_x,1
BuiltinPerl,Reini_Urban,1
BuiltinPerl,PerlStalker,1
BuiltinPerl,cloudfoundry,1
BuiltinPerl,perlbpbook,1
BuiltinPerl,perlcritic,1
BuiltinPerl,leon_timmermans,1
BuiltinPerl,xdg,1
BuiltinPerl,szabgab,1
BuiltinPerl,kiphampton,1
BuiltinPerl,CSJewellPerl,1
BuiltinPerl,perljobs,1
BuiltinPerl,rabcyr,1
BuiltinPerl,olafalders,1
BuiltinPerl,dbix_class,1
BuiltinPerl,gizmomathboy,1
BuiltinPerl,shadowcat_mdk,1
BuiltinPerl,perlfoundation,1
BuiltinPerl,vmbrasseur,1
BuiltinPerl,TimToady,1
BuiltinPerl,BostonPM,1
BuiltinPerl,brian_d_foy,1
BuiltinPerl,briandfoy_perl,1
BuiltinPerl,RegexTip,1
BuiltinPerl,novapatch,1
BuiltinPerl,pghpw,1
BuiltinPerl,shadowcat_mst,1
BuiltinPerl,dotandimet,1
BuiltinPerl,houseabsolute,1
BuiltinPerl,sfperlmongers,1
BuiltinPerl,ribasushi,1
BuiltinPerl,SVPerl,1
BuiltinPerl,PerlDancer,1
BuiltinPerl,mjdominus,1
BuiltinPerl,neilbowers,1
BuiltinPerl,metacpan,1
BuiltinPerl,perlironman,1
BuiltinPerl,oss_pl,1
BuiltinPerl,culturedperl,1
BuiltinPerl,Ptolemarch,1
BuiltinPerl,YAPCNA,1
BuiltinPerl,PerlWeekly,1
BuiltinPerl,yapceu,1
BuiltinPerl,joelaberger,1
BuiltinPerl,stevanlittle,1
BuiltinPerl,barcelonapm,1
BuiltinPerl,shadow_dot_cat,1
BuiltinPerl,markjgardner,1
BuiltinPerl,PerlRick,1
BuiltinPerl,PerlSawyer,1
BuiltinPerl,iinteractive,1
BuiltinPerl,PerlTricks,1
BuiltinPerl,pwb712,1
BuiltinPerl,ThePerlShop,1
BuiltinPerl,PerlDaily,1
BuiltinPerl,cpantesters,1
BuiltinPerl,perl_mongers,1
BuiltinPerl,PerlRegex,1
BuiltinPerl,rperlcompiler,1
BuiltinPerl,RepOfCoders,1
cpantesters,missbarbell,1
cpantesters,xdg,1
cpantesters,preaction,1
cpantesters,perlfoundation,1
cpantesters,neilbowers,1
cpantesters,YAPCNA,1
cpantesters,PerlWeekly,1
cpantesters,yapceu,1
perl__dp,miyagawa,1
perl__dp,genehack,1
perl__dp,perigrin,1
perl__dp,spazm,1
perl__dp,timbunce,1
perl__dp,missbarbell,1
perl__dp,sheeshee,1
perl__dp,rsrchboy,1
perl__dp,sinan_unur,1
perl__dp,olafalders,1
perl__dp,shadowcat_mdk,1
perl__dp,perlfoundation,1
perl__dp,vmbrasseur,1
perl__dp,ribasushi,1
perl__dp,neilbowers,1
perl__dp,PerlWeekly,1
perl__dp,yapceu,1
perl__dp,joelaberger,1
perl__dp,shadow_dot_cat,1
perl__dp,PerlRick,1
perl__dp,iinteractive,1
perl__dp,PerlTricks,1
perl__dp,PerlDaily,1
perl_mongers,perlfoundation,1
PerlRegex,RegexTip,1
rperlcompiler,davorg,1
rperlcompiler,petdance,1
rperlcompiler,merlyn,1
rperlcompiler,friedo,1
rperlcompiler,theory,1
rperlcompiler,miyagawa,1
rperlcompiler,genehack,1
rperlcompiler,ingydotnet,1
rperlcompiler,perigrin,1
rperlcompiler,trg404,1
rperlcompiler,gnat,1
rperlcompiler,AndyArmstrong,1
rperlcompiler,john_bokma,1
rperlcompiler,perl_api,1
rperlcompiler,scrottie,1
rperlcompiler,spazm,1
rperlcompiler,sartak,1
rperlcompiler,schwern,1
rperlcompiler,pjf,1
rperlcompiler,pdcawley,1
rperlcompiler,brianwisti,1
rperlcompiler,aaroncrane,1
rperlcompiler,perlbuzz,1
rperlcompiler,thaljef,1
rperlcompiler,keiosu,1
rperlcompiler,OvidPerl,1
rperlcompiler,timbunce,1
rperlcompiler,allisonrandal,1
rperlcompiler,missbarbell,1
rperlcompiler,sheeshee,1
rperlcompiler,rsrchboy,1
rperlcompiler,kraih,1
rperlcompiler,frioux,1
rperlcompiler,chromatic_x,1
rperlcompiler,sinan_unur,1
rperlcompiler,Reini_Urban,1
rperlcompiler,PerlStalker,1
rperlcompiler,perlbpbook,1
rperlcompiler,perlcritic,1
rperlcompiler,leon_timmermans,1
rperlcompiler,xdg,1
rperlcompiler,szabgab,1
rperlcompiler,kiphampton,1
rperlcompiler,preaction,1
rperlcompiler,CSJewellPerl,1
rperlcompiler,Yakpi,1
rperlcompiler,perljobs,1
rperlcompiler,rabcyr,1
rperlcompiler,olafalders,1
rperlcompiler,dbix_class,1
rperlcompiler,gizmomathboy,1
rperlcompiler,shadowcat_mdk,1
rperlcompiler,perlfoundation,1
rperlcompiler,vmbrasseur,1
rperlcompiler,TimToady,1
rperlcompiler,BostonPM,1
rperlcompiler,brian_d_foy,1
rperlcompiler,houstonpm,1
rperlcompiler,briandfoy_perl,1
rperlcompiler,novapatch,1
rperlcompiler,PlanetPerl,1
rperlcompiler,pghpw,1
rperlcompiler,shadowcat_mst,1
rperlcompiler,carpecrustum,1
rperlcompiler,dotandimet,1
rperlcompiler,houseabsolute,1
rperlcompiler,sfperlmongers,1
rperlcompiler,PurduePM,1
rperlcompiler,ribasushi,1
rperlcompiler,SVPerl,1
rperlcompiler,PerlDancer,1
rperlcompiler,mjdominus,1
rperlcompiler,neilbowers,1
rperlcompiler,rescuedbycode,1
rperlcompiler,tommystanton,1
rperlcompiler,metacpan,1
rperlcompiler,perlironman,1
rperlcompiler,oss_pl,1
rperlcompiler,culturedperl,1
rperlcompiler,Ptolemarch,1
rperlcompiler,YAPCNA,1
rperlcompiler,PerlWeekly,1
rperlcompiler,yapceu,1
rperlcompiler,joelaberger,1
rperlcompiler,stevanlittle,1
rperlcompiler,barcelonapm,1
rperlcompiler,shadow_dot_cat,1
rperlcompiler,markjgardner,1
rperlcompiler,PerlRick,1
rperlcompiler,PerlSawyer,1
rperlcompiler,iinteractive,1
rperlcompiler,PerlTricks,1
rperlcompiler,pwb712,1
rperlcompiler,ThePerlShop,1
rperlcompiler,PerlDaily,1
rperlcompiler,BuiltinPerl,1
rperlcompiler,cpantesters,1
rperlcompiler,perl__dp,1
rperlcompiler,perl_mongers,1
rperlcompiler,PerlRegex,1
rperlcompiler,RepOfCoders,1
jonwarreninfo,john_bokma,1
jonwarreninfo,missbarbell,1
jonwarreninfo,PerlStalker,1
jonwarreninfo,perlcritic,1
jonwarreninfo,perlfoundation,1
jonwarreninfo,TimToady,1
jonwarreninfo,RegexTip,1
jonwarreninfo,SlackHQ,1
RepOfCoders,davorg,1
RepOfCoders,petdance,1
RepOfCoders,merlyn,1
RepOfCoders,theory,1
RepOfCoders,miyagawa,1
RepOfCoders,genehack,1
RepOfCoders,ingydotnet,1
RepOfCoders,perigrin,1
RepOfCoders,trg404,1
RepOfCoders,AndyArmstrong,1
RepOfCoders,sartak,1
RepOfCoders,schwern,1
RepOfCoders,sungo,1
RepOfCoders,pdcawley,1
RepOfCoders,brianwisti,1
RepOfCoders,aaroncrane,1
RepOfCoders,perlbuzz,1
RepOfCoders,thaljef,1
RepOfCoders,keiosu,1
RepOfCoders,OvidPerl,1
RepOfCoders,timbunce,1
RepOfCoders,allisonrandal,1
RepOfCoders,missbarbell,1
RepOfCoders,sheeshee,1
RepOfCoders,kraih,1
RepOfCoders,frioux,1
RepOfCoders,chromatic_x,1
RepOfCoders,Reini_Urban,1
RepOfCoders,PerlStalker,1
RepOfCoders,perlcritic,1
RepOfCoders,leon_timmermans,1
RepOfCoders,xdg,1
RepOfCoders,szabgab,1
RepOfCoders,olafalders,1
RepOfCoders,dbix_class,1
RepOfCoders,gizmomathboy,1
RepOfCoders,shadowcat_mdk,1
RepOfCoders,perlfoundation,1
RepOfCoders,vmbrasseur,1
RepOfCoders,TimToady,1
RepOfCoders,BostonPM,1
RepOfCoders,brian_d_foy,1
RepOfCoders,briandfoy_perl,1
RepOfCoders,shadowcat_mst,1
RepOfCoders,dotandimet,1
RepOfCoders,houseabsolute,1
RepOfCoders,sfperlmongers,1
RepOfCoders,PurduePM,1
RepOfCoders,ribasushi,1
RepOfCoders,SVPerl,1
RepOfCoders,PerlDancer,1
RepOfCoders,mjdominus,1
RepOfCoders,neilbowers,1
RepOfCoders,metacpan,1
RepOfCoders,perlironman,1
RepOfCoders,Ptolemarch,1
RepOfCoders,YAPCNA,1
RepOfCoders,PerlWeekly,1
RepOfCoders,yapceu,1
RepOfCoders,joelaberger,1
RepOfCoders,stevanlittle,1
RepOfCoders,barcelonapm,1
RepOfCoders,shadow_dot_cat,1
RepOfCoders,PerlSawyer,1
RepOfCoders,PerlTricks,1
RepOfCoders,pwb712,1
RepOfCoders,ThePerlShop,1
RepOfCoders,PerlDaily,1
RepOfCoders,BuiltinPerl,1
RepOfCoders,pdxperlmongers,1
RepOfCoders,perl_mongers,1
RepOfCoders,rperlcompiler,1
